DATE,OPEN,HIGH,LOW,CLOSE,VOL
1-Oct-12,112.14000000000,113.27,11000000000.76,,-80055000000
2-Oct-12,111.4,111.7,110.55,110.55,29332
3-Oct-12,110.55,110.59,106.95,107.34,56307
4-Oct-12,107.44,111.79,107.24,111.36,61664
5-Oct-12,111.27,112.09,109.64,111.13,51704
7-Oct-12,111.11,111.13,111.02,111.02,57
8-Oct-12,110.82,111.44,109.74,111.22,40638
9-Oct-12,111.48,113.64,111.05,113.35,61077
10-Oct-12,113.14,114.41,112.69,113.28,68836
11-Oct-12,113.41,114.95,113.26,114.77,68708
12-Oct-12,114.85,114.86,112.93,113.38,83863
14-Oct-12,113.55,113.65,113.12,113.12,117
15-Oct-12,113.1,114.49,112.46,114.48,116194
16-Oct-12,114.31,114.87,113.49,113.72,101853
17-Oct-12,113.97,114.31,112.8,113.21,96473
18-Oct-12,113.12,113.63,111.57,112.44,118267
19-Oct-12,112.33,113.26,109.9,110.32,144533
21-Oct-12,109.9,110,109.71,109.77,491
22-Oct-12,109.73,110.97,109.12,109.79,134279
23-Oct-12,109.52,109.8,107.31,108.3,144954
24-Oct-12,108.31,109.34,106.8,107.81,129713
25-Oct-12,107.8,109.28,107.46,108.5,110423
26-Oct-12,108.55,109.7,107.4,109.7,112143
28-Oct-12,109.55,109.8,108.99,109.19,796
29-Oct-12,109.17,110.26,108.51,109.33,80825
30-Oct-12,109.25,110.1,108.65,109.05,69046
31-Oct-12,109.1,109.8,108.3,108.4,89904
1-Nov-12,107.42,107.87,106.74,107.5,33148
2-Nov-12,107.25,107.96,104.79,104.88,37721
4-Nov-12,104.83,104.84,104.67,104.7,60
5-Nov-12,104.72,107.3,104.09,106.97,34895
6-Nov-12,106.85,110.39,106.26,110.13,48232
7-Nov-12,109.77,110.69,105.74,106.05,50840
8-Nov-12,106,107.31,105.32,106.18,45946
9-Nov-12,106.33,108.81,105.45,108.79,52955
11-Nov-12,108.6,108.65,108.3,108.3,111
12-Nov-12,108.29,109.36,107.53,107.82,55669
13-Nov-12,107.82,108,106.56,107.3,71730
14-Nov-12,107.19,109.3,106.87,108.75,132705
15-Nov-12,108.62,109.58,107.3,107.69,155235
16-Nov-12,107.69,109.25,107.66,109.02,124203
18-Nov-12,109.25,109.51,109.19,109.5,653
19-Nov-12,109.5,112.2,109.3,111.59,134353
20-Nov-12,111.8,111.85,109.01,110.46,139254
21-Nov-12,110.5,111.46,109.55,111.03,105797
22-Nov-12,110.97,111.17,110.11,110.35,27573
23-Nov-12,110.47,111.54,110.1,111.39,63095
25-Nov-12,111.21,111.48,111.16,111.35,107
26-Nov-12,111.35,111.42,110.27,110.75,78941
27-Nov-12,111,111.36,109.31,110,102522
28-Nov-12,109.95,110.17,108.44,109.69,111464
29-Nov-12,109.7,111.3,109.45,110.4,118598
30-Nov-12,110.35,111.34,110.25,111.17,84620
2-Dec-12,110.1,110.4,110.04,110.35,47
3-Dec-12,110.3,111.35,109.69,109.9,24991
4-Dec-12,110.04,110.04,108.36,108.87,26665
5-Dec-12,108.92,109.65,107.72,107.97,27414
6-Dec-12,107.75,108.3,105.86,106.25,43724
7-Dec-12,106.15,107.04,105.8,106.3,41750
9-Dec-12,106.45,106.45,106.31,106.42,15
10-Dec-12,106.4,107.52,105.93,106.22,34262
11-Dec-12,106.18,107.17,105.98,106.8,37768
12-Dec-12,106.87,108.92,106.83,108.01,80961
13-Dec-12,107.95,108.13,106.38,106.53,81983
14-Dec-12,106.62,108.4,106.55,108.4,92081
16-Dec-12,108.43,108.44,108.2,108.27,72
17-Dec-12,108.27,108.5,107.58,107.89,67897
18-Dec-12,107.98,108.98,107.93,108.94,71884
19-Dec-12,108.9,110.48,108.74,110.05,93814
20-Dec-12,110.1,110.66,109.7,110.25,76539
21-Dec-12,110.2,110.28,108.66,109.15,78256
23-Dec-12,109.2,109.22,108.89,109.02,104
24-Dec-12,109,109.13,108.13,108.8,31703
26-Dec-12,109.15,111.52,109.13,110.71,40838
27-Dec-12,110.78,111.33,110.1,110.92,65811
28-Dec-12,111.24,111.38,109.83,110.35,62956
30-Dec-12,110.3,110.36,110.08,110.35,77
31-Dec-12,110.37,111.34,109.38,111.11,57624
2-Jan-13,110.15,111.6,110.11,111.4,31556
3-Jan-13,111.3,111.3,110.43,110.56,27823
4-Jan-13,110.73,110.73,109.14,110.15,33969
6-Jan-13,110.11,110.27,110.11,110.22,53
7-Jan-13,110.25,110.69,109.36,110.59,31082
8-Jan-13,110,111.36,110,111.14,35976
9-Jan-13,110.99,111.25,110.24,110.81,43859
10-Jan-13,110.89,112.34,110.71,110.99,71151
11-Jan-13,111.08,111.09,108.9,109.84,81223
13-Jan-13,109.81,109.86,109.7,109.82,12
14-Jan-13,109.82,111.22,109.46,111.14,73397
15-Jan-13,110.95,111.49,109.52,109.62,101957
16-Jan-13,109.76,110.35,109.33,109.91,99526
17-Jan-13,109.74,111.38,109.45,110.92,104459
18-Jan-13,111.1,111.97,110.47,111.67,90755
20-Jan-13,111.67,111.8,111.64,111.79,48
21-Jan-13,111.79,111.99,111.41,111.76,33451
22-Jan-13,111.71,112.65,111.35,112.46,103854
23-Jan-13,112.42,113.15,112.06,112.79,113976
24-Jan-13,112.76,113.65,112.4,113.36,103146
25-Jan-13,113.28,113.84,112.83,113.4,95230
27-Jan-13,113.4,113.4,113.31,113.32,48
28-Jan-13,113.33,113.8,112.6,113.4,99327
29-Jan-13,113.48,114.49,113.07,114.2,112050
30-Jan-13,114.28,115.24,114.07,114.95,103816
31-Jan-13,114.91,115.76,114.28,114.56,102198
1-Feb-13,114.9,116.1,114.39,115.63,39605
3-Feb-13,115.61,115.61,115.46,115.48,7
4-Feb-13,115.41,115.67,114.44,114.72,31537
5-Feb-13,114.56,116.23,114.1,115.59,39863
6-Feb-13,115.53,116.16,114.82,115.97,39682
7-Feb-13,116.02,116.93,115.8,116.7,61448
8-Feb-13,116.6,118.19,116.37,117.81,60458
10-Feb-13,117.79,117.85,117.74,117.82,14
11-Feb-13,117.8,117.98,116.52,117.2,66346
12-Feb-13,117.35,118,116.88,117.8,82906
13-Feb-13,117.75,118.27,117.37,118,118224
14-Feb-13,117.89,118.29,117.25,118.04,103961
15-Feb-13,117.96,118.11,116.28,117.97,135644
17-Feb-13,117.9,117.91,117.74,117.76,47
18-Feb-13,117.76,118.19,116.92,117.4,30571
19-Feb-13,117.5,117.6,116.55,117.2,83254
20-Feb-13,117.35,117.66,115.02,115.1,137176
21-Feb-13,115.15,115.31,113.32,113.65,154441
22-Feb-13,113.6,114.79,113.6,114.3,106075
24-Feb-13,114.29,114.3,114.11,114.3,25
25-Feb-13,114.16,115.87,113.31,113.34,122617
26-Feb-13,113.64,114.34,112.41,112.99,160497
27-Feb-13,112.8,113.35,111.65,112,133044
28-Feb-13,112.08,112.57,110.87,111,119371
1-Mar-13,109.9,110.35,108.88,109.59,37999
3-Mar-13,109.41,109.41,109.33,109.36,12
4-Mar-13,109.31,109.82,108.56,109.02,30320
5-Mar-13,109.21,110.95,109.21,110.94,31345
6-Mar-13,110.92,111.29,109.6,109.98,35753
7-Mar-13,110.13,110.54,109.6,110.07,33861
8-Mar-13,110.07,110.51,108.6,110.25,51481
10-Mar-13,110.05,110.1,109.8,109.89,35
11-Mar-13,109.89,110.09,109.02,109.48,48003
12-Mar-13,109.54,110.71,108.9,109.13,81782
13-Mar-13,109.3,109.5,107.66,108.18,135556
14-Mar-13,108.08,109.43,107.85,109.34,124797
15-Mar-13,109.38,110.53,109.02,110.05,95104
17-Mar-13,109.81,109.81,108.55,108.9,1681
18-Mar-13,108.9,109.68,107.78,109.4,110924
19-Mar-13,109.44,109.54,107.25,107.46,135982
20-Mar-13,107.59,108.92,107.55,108.58,107055
21-Mar-13,108.49,108.75,107.08,107.2,114538
22-Mar-13,107.33,107.96,106.9,107.5,96935
24-Mar-13,107.36,107.8,107.31,107.8,125
25-Mar-13,107.84,109.07,107.27,108.18,125313
26-Mar-13,108.11,109.59,107.71,109.4,106884
27-Mar-13,109.35,109.98,108.85,109.84,110196
28-Mar-13,109.87,110.1,108.98,109.77,94671
31-Mar-13,109.98,110.2,109.84,109.89,200
1-Apr-13,109.91,111.05,109.14,110.76,19832
2-Apr-13,110.66,111.53,109.8,110.34,45650
3-Apr-13,110.14,110.3,106.59,106.89,66065
4-Apr-13,106.88,107.85,105.1,106.27,76394
5-Apr-13,106.18,106.48,103.68,104.38,61951
7-Apr-13,104.31,104.46,104.31,104.46,23
8-Apr-13,104.36,105.58,103.65,104.9,62262
9-Apr-13,104.83,106.41,104.36,106.15,67850
10-Apr-13,106.08,106.38,105.25,105.65,62221
11-Apr-13,105.52,106,103.87,104.41,82125
12-Apr-13,104.45,104.53,101.21,102.85,164660
14-Apr-13,103.04,103.05,102.8,102.87,26
15-Apr-13,102.72,102.81,99.12,99.31,185555
16-Apr-13,99.1,100.37,98,100.1,168332
17-Apr-13,100.09,100.46,97.26,97.4,173597
18-Apr-13,97.42,99.85,96.75,99.6,176954
19-Apr-13,99.44,100.33,99.04,99.53,110128
21-Apr-13,99.3,99.47,99.3,99.47,34
22-Apr-13,99.46,101.04,99.2,100.37,119371
23-Apr-13,100.56,100.59,98.78,100.5,134738
24-Apr-13,100.33,101.99,100.22,101.82,116482
25-Apr-13,101.9,103.49,101.35,103.11,119721
26-Apr-13,103.2,103.48,102.25,102.85,95659
28-Apr-13,102.86,102.86,102.71,102.75,35
29-Apr-13,102.75,103.94,102.57,103.76,98769
30-Apr-13,103.83,104,101.48,101.74,131813
1-May-13,101.51,101.97,98.32,99.37,39081
2-May-13,99.35,102.47,99.26,102.33,34378
3-May-13,102.28,104.36,101.85,103.71,39621
5-May-13,103.87,104.7,103.87,104.7,63
6-May-13,104.68,105.1,103.45,104.99,26082
7-May-13,104.9,105.42,103.65,103.75,45203
8-May-13,103.81,104.48,103.16,104.02,49867
9-May-13,104.07,104.26,103.18,104.1,41083
10-May-13,104.03,104.2,101.39,103.38,71380
12-May-13,103.38,103.38,103.2,103.37,37
13-May-13,103.35,103.43,102.09,102.64,62959
14-May-13,102.64,102.9,101.92,102.53,83237
15-May-13,102.54,103.65,100.92,103.65,157881
16-May-13,103.51,104.28,102.74,103.84,127771
17-May-13,103.73,104.87,103.35,104.72,100917
19-May-13,104.68,104.74,104.39,104.6,170
20-May-13,104.63,105.31,103.83,104.79,77269
21-May-13,104.82,105.15,103.51,103.63,84813
22-May-13,103.53,103.79,102.23,102.32,92487
23-May-13,102.28,102.68,100.64,102.66,119690
24-May-13,102.52,102.79,101.65,102.78,65423
26-May-13,102.59,102.59,102.11,102.16,244
27-May-13,102.18,102.65,102.1,102.5,10471
28-May-13,102.58,104.69,102.48,104.35,139845
29-May-13,104.24,104.37,102.17,102.18,135479
30-May-13,102.31,102.85,101.08,102.24,158856
31-May-13,102.14,102.38,100.03,100.15,136075
2-Jun-13,99.8,99.83,99.66,99.72,25
3-Jun-13,99.72,102.21,99.47,101.9,50569
4-Jun-13,101.78,103.25,101.21,103.18,32346
5-Jun-13,103.06,103.76,102.53,102.63,34920
6-Jun-13,102.52,103.68,102.51,103.19,32468
7-Jun-13,103.27,104.8,102.65,104.48,58800
9-Jun-13,104.5,104.54,104.43,104.54,41
10-Jun-13,104.47,104.59,103.63,103.74,47957
11-Jun-13,103.79,103.84,101.88,102.64,98030
12-Jun-13,102.55,104.18,102.25,103.49,116804
13-Jun-13,103.44,105.13,102.78,104.95,127311
14-Jun-13,104.88,106.64,104.46,105.84,137472
16-Jun-13,105.81,105.93,105.77,105.86,127
17-Jun-13,105.85,106.67,105.28,105.62,102315
18-Jun-13,105.66,106.24,105.11,106.1,87180
19-Jun-13,106.1,106.59,105.45,105.87,91241
20-Jun-13,105.4,105.51,101.75,102.06,217939
21-Jun-13,101.99,103.09,100.04,101.09,206646
23-Jun-13,100.68,100.68,100.53,100.63,160
24-Jun-13,100.64,101.64,99.68,101.07,178314
25-Jun-13,101,102.07,100.7,101.17,128249
26-Jun-13,101.07,101.89,100.25,101.8,146880
27-Jun-13,101.7,103.34,101.66,102.65,113630
28-Jun-13,102.7,103.44,101.87,101.99,115425
30-Jun-13,102.15,102.15,101.5,101.5,69
1-Jul-13,101.49,103.21,101.23,102.52,37341
2-Jul-13,102.49,103.58,102.4,103.41,29009
3-Jul-13,103.82,105.48,103.82,105.21,46042
4-Jul-13,105.1,105.44,104.3,104.84,17813
5-Jul-13,104.9,107.12,104.78,107.06,50517
7-Jul-13,107.1,107.3,107.05,107.23,107
8-Jul-13,107.23,107.32,106.09,106.49,36065
9-Jul-13,106.44,107.48,106.13,107.35,38654
10-Jul-13,107.04,107.9,106.95,107.34,55033
11-Jul-13,107.53,108.06,106.35,106.64,71535
12-Jul-13,106.67,108.2,106.63,108.2,85222
14-Jul-13,107.93,108.13,107.89,107.94,138
15-Jul-13,107.99,108.27,107.11,108.08,88531
16-Jul-13,108.15,108.68,107.68,107.93,115560
17-Jul-13,107.89,108.74,107.3,108.74,98526
18-Jul-13,108.51,108.87,108.03,108.83,112686
19-Jul-13,108.73,109.18,107.01,108.3,118431
21-Jul-13,108.43,108.49,108.27,108.45,211
22-Jul-13,108.45,108.68,107.55,108.16,103043
23-Jul-13,108.26,108.63,107.56,108.41,96527
24-Jul-13,108.49,108.6,106.25,107.05,122952
25-Jul-13,107.04,107.87,106.54,107.65,97183
26-Jul-13,107.6,107.79,106.53,107.19,72621
28-Jul-13,107.19,107.4,107.15,107.34,375
29-Jul-13,107.31,107.89,106.6,107.51,99761
30-Jul-13,107.4,107.56,106.54,106.84,86604
31-Jul-13,106.76,107.95,105.73,107.7,115591
1-Aug-13,106.91,108.74,106.73,108.51,37382
2-Aug-13,108.58,109.17,107.54,108.07,24617
4-Aug-13,107.92,108.1,107.92,108.05,21
5-Aug-13,108.05,108.56,106.69,107.71,31421
6-Aug-13,107.76,108.27,106.5,107.19,39292
7-Aug-13,106.94,107.05,105.89,106.08,41376
8-Aug-13,106.11,106.57,104.59,105.5,43202
9-Aug-13,105.5,106.95,105.27,106.87,43960
11-Aug-13,106.8,106.88,106.73,106.8,250
12-Aug-13,106.76,107.9,106.28,107.86,59552
13-Aug-13,107.84,108.7,107.71,108.1,78638
14-Aug-13,108.18,108.98,107.78,108.96,95485
15-Aug-13,108.98,110.05,108.9,109.32,113211
16-Aug-13,109.54,110.7,109.17,110.42,101308
18-Aug-13,110.43,110.53,110.16,110.27,154
19-Aug-13,110.25,111,109.59,109.59,99020
20-Aug-13,109.77,110.73,108.61,110.15,138232
21-Aug-13,110.06,110.28,109.23,109.73,93316
22-Aug-13,109.69,110.15,109.4,110,79424
23-Aug-13,109.93,111.23,109.77,111.05,106631
25-Aug-13,111.22,111.68,110.98,111.09,677
26-Aug-13,111.17,111.35,110.5,110.93,54916
27-Aug-13,111.06,115.29,110.73,115.29,154361
28-Aug-13,115.41,117.34,114.81,116.33,165773
29-Aug-13,116.02,117.04,114.18,114.44,140331
30-Aug-13,114.22,115.53,113.63,114.45,135515
1-Sep-13,112.2,112.2,110.9,110.9,189
2-Sep-13,110.9,112.82,110.52,112.44,18324
3-Sep-13,112.54,114.05,112.3,113.7,44500
4-Sep-13,113.82,114.15,112.6,113.23,37762
5-Sep-13,113.15,113.9,112.73,113.7,33772
6-Sep-13,113.64,114.85,113.32,114.1,40076
8-Sep-13,114.23,114.23,113.98,113.99,40
9-Sep-13,113.89,114.44,111.66,111.77,60742
10-Sep-13,111.5,112.17,109.38,109.96,87285
11-Sep-13,110,111.18,109.7,110.29,72564
12-Sep-13,110.28,111.96,110,111.89,99137
13-Sep-13,111.8,111.88,110.55,111.79,92158
15-Sep-13,111.24,111.24,110.25,110.71,1033
16-Sep-13,110.71,111.49,108.73,109.82,139056
17-Sep-13,109.6,110,107.41,107.75,119714
18-Sep-13,107.79,111.06,107.64,110.74,109853
19-Sep-13,110.94,111.26,108.52,108.82,123580
20-Sep-13,108.61,109.67,108.4,109.35,98996
22-Sep-13,109.22,109.24,109,109,76
23-Sep-13,109,109.45,107.76,108,94842
24-Sep-13,107.98,108.9,107.43,108.77,101589
25-Sep-13,108.75,110.09,107.89,108.06,115747
26-Sep-13,108.06,109.26,108.01,109.22,85205
27-Sep-13,109,109.67,108.1,108.43,112755
29-Sep-13,108.2,108.29,107.92,107.93,286
30-Sep-13,107.99,108.68,107.22,108.2,100001
1-Oct-13,107.42,107.49,106,106.92,54224
2-Oct-13,106.74,108.57,106.63,108.03,48563
3-Oct-13,108,108.91,107.66,107.69,45632
4-Oct-13,107.79,108.85,107.68,108.46,40420
6-Oct-13,108.34,108.34,108.24,108.31,40
7-Oct-13,108.36,109.3,107.09,108.74,57392
8-Oct-13,108.8,109.97,108.54,109.42,51984
9-Oct-13,109.4,109.47,107.39,108.25,66339
10-Oct-13,108.24,111.15,108.13,110.87,104147
11-Oct-13,110.77,110.98,109.73,110.29,74301
13-Oct-13,109.98,110.15,109.9,110.02,153
14-Oct-13,110.02,110.59,109.1,110.18,63020
15-Oct-13,110.21,110.48,108.84,109,78327
16-Oct-13,109.2,111.3,109.05,110.49,111973
17-Oct-13,110.52,110.66,108.71,109,134079
18-Oct-13,109.1,110.24,108.96,109.94,96386
20-Oct-13,110,110.05,109.92,109.94,243
21-Oct-13,110.02,110.19,109.21,109.77,94378
22-Oct-13,109.76,110.94,109.57,110.06,126724
23-Oct-13,109.99,110.06,107.35,107.65,172536
24-Oct-13,107.67,108.26,106.9,106.99,128722
25-Oct-13,107.09,107.39,106.27,107.06,106059
27-Oct-13,107.01,107.08,106.85,106.93,198
28-Oct-13,106.97,109.68,106.91,109.42,144889
29-Oct-13,109.35,109.46,108.45,108.81,96008
30-Oct-13,108.76,110.16,108.59,109.77,116771
31-Oct-13,109.69,109.87,108.55,108.9,118046
1-Nov-13,108.78,109.17,105.75,106.05,42386
3-Nov-13,105.88,105.88,105.8,105.8,3
4-Nov-13,105.88,106.53,105.14,105.94,34800
5-Nov-13,106.19,106.4,105.15,105.65,32550
6-Nov-13,105.37,106.34,104.9,104.99,39782
7-Nov-13,105.08,105.32,103.45,103.55,65905
8-Nov-13,103.63,105.3,103.13,105.04,76143
10-Nov-13,105.03,105.44,105.03,105.44,344
11-Nov-13,105.43,106.34,105.1,106.34,60220
12-Nov-13,106.21,107.1,105.26,105.82,89123
13-Nov-13,105.61,107.18,105.58,106.92,114281
14-Nov-13,106.83,108.95,106.83,108.4,155412
15-Nov-13,108.38,108.65,107.69,108.5,101669
17-Nov-13,108.47,108.49,108.3,108.35,22
18-Nov-13,108.29,108.73,107.53,108.3,104836
19-Nov-13,108.3,108.63,106.81,107.07,122897
20-Nov-13,107.2,108.38,106.51,107.92,123840
21-Nov-13,107.76,110.25,107.62,110.15,135833
22-Nov-13,110.07,111.4,109.65,110.49,172979
24-Nov-13,109.45,109.45,108.31,108.77,3789
25-Nov-13,108.76,111.66,108.05,111.05,188986
26-Nov-13,111.08,111.49,110.41,111.04,118479
27-Nov-13,111,111.65,110.51,111.59,109366
28-Nov-13,111.44,111.55,110.61,110.95,31226
29-Nov-13,110.98,111.5,109.62,110.11,75278
1-Dec-13,109.3,109.59,109.29,109.55,23
2-Dec-13,109.72,111.93,109.03,111.01,42638
3-Dec-13,111.15,112.44,110.64,112.24,35274
4-Dec-13,112.49,112.5,110.98,111.17,43903
5-Dec-13,111.14,111.76,110.4,110.76,34787
6-Dec-13,110.55,111.64,110.52,111.36,34173
8-Dec-13,111.22,111.22,111.2,111.2,5
9-Dec-13,111.25,111.37,108.73,108.93,41388
10-Dec-13,108.99,110.19,108.4,109.25,65158
11-Dec-13,109.2,109.7,108.46,109.32,68489
12-Dec-13,109.33,109.78,108.14,108.34,81838
13-Dec-13,108.22,108.61,107.61,108.3,102214
15-Dec-13,108.6,109,108.6,108.99,1160
16-Dec-13,108.96,110.4,108.53,109.04,124994
17-Dec-13,109.2,109.41,108.2,108.21,97138
18-Dec-13,108.33,109.73,107.8,109.28,118603
19-Dec-13,109.25,110.53,109.14,110.06,97005
20-Dec-13,110.09,111.89,109.87,111.84,112443
22-Dec-13,111.73,111.78,111.68,111.73,130
23-Dec-13,111.73,111.93,111.27,111.57,62437
24-Dec-13,111.61,112.06,111.42,112,30579
26-Dec-13,111.98,112.12,111.46,112,26155
27-Dec-13,111.95,112.8,111.5,112.14,82917
29-Dec-13,112.16,112.29,112.11,112.28,41
30-Dec-13,112.31,112.64,110.9,111.2,62451
31-Dec-13,111.18,111.52,110.4,110.9,47181
2-Jan-14,110.74,111.07,107.49,107.65,32977
3-Jan-14,107.66,108.42,106.44,106.65,35605
6-Jan-14,106.68,107.6,106.28,106.67,35795
7-Jan-14,106.73,107.33,106.56,107.01,30686
8-Jan-14,107.08,107.54,106.6,106.83,36728
9-Jan-14,106.83,107.71,105.7,106,55777
10-Jan-14,105.91,106.89,105.5,106.83,70001
12-Jan-14,106.75,106.96,106.61,106.92,227
13-Jan-14,106.92,106.93,105.58,105.59,54066
14-Jan-14,105.87,106.3,105.22,105.25,78099
15-Jan-14,105.27,106.72,105.06,105.97,111679
16-Jan-14,106.11,106.4,105.46,105.48,105069
17-Jan-14,105.55,106.95,105.44,106.32,96847
19-Jan-14,106.34,106.44,106.24,106.4,56
20-Jan-14,106.44,106.65,105.81,106.2,43938
21-Jan-14,106.35,108,106.28,106.8,120725
22-Jan-14,106.9,108.33,106.78,108.08,99777
23-Jan-14,108.14,108.28,107.37,107.58,98980
24-Jan-14,107.58,108.03,106.23,107.89,151029
26-Jan-14,107.93,108.09,107.88,107.95,371
27-Jan-14,107.95,107.99,106.45,106.94,107139
28-Jan-14,106.86,107.79,106.76,107.41,98697
29-Jan-14,107.36,108.05,106.93,107.75,107319
30-Jan-14,107.85,108.4,107.65,107.7,85179
31-Jan-14,107.75,107.94,105.77,105.79,121741
2-Feb-14,105.75,105.75,105.44,105.55,113
3-Feb-14,105.57,106.05,104.78,105.27,49438
4-Feb-14,105.2,105.56,104.88,105.38,31416
5-Feb-14,105.33,105.82,105,105.56,38648
6-Feb-14,105.71,106.88,105.55,106.75,39920
7-Feb-14,106.77,109.02,106.29,108.83,73752
9-Feb-14,108.96,108.97,108.77,108.95,64
10-Feb-14,108.96,109.01,107.73,107.78,61597
11-Feb-14,107.83,108.63,107.83,108.2,70319
12-Feb-14,108.24,109,108.07,108.27,103739
13-Feb-14,108.2,108.74,107.64,108.58,102707
14-Feb-14,108.58,109.25,107.85,109.05,86107
16-Feb-14,109.02,109.4,109.02,109.38,499
17-Feb-14,109.36,109.37,108.64,109.1,34451
18-Feb-14,109.09,110.7,108.84,110.63,101275
19-Feb-14,110.52,110.82,110.02,110.42,100932
20-Feb-14,110.39,110.49,109.58,110.49,100575
21-Feb-14,110.49,110.49,109.35,109.84,100833
23-Feb-14,109.99,110.13,109.89,110.13,272
24-Feb-14,110.12,110.77,109.5,110.71,100360
25-Feb-14,110.64,110.64,109.42,109.59,93772
26-Feb-14,109.56,109.97,109.2,109.51,91286
27-Feb-14,109.41,109.45,108.65,108.77,109488
28-Feb-14,108.85,109.34,108.4,108.65,102250
2-Mar-14,108.83,110.7,108.83,110.49,1910
3-Mar-14,110.5,111.87,109.92,110.78,53805
4-Mar-14,110.64,110.86,108.6,108.62,44442
5-Mar-14,108.67,108.93,107.09,107.29,39833
6-Mar-14,107.2,107.97,106.86,107.8,41826
7-Mar-14,107.73,108.55,107.27,108.23,50146
9-Mar-14,108.3,108.32,108.07,108.12,29
10-Mar-14,108.21,108.24,107.21,107.38,36741
11-Mar-14,107.3,108.08,107.27,107.77,43608
12-Mar-14,107.66,107.84,106.92,107.6,96322
13-Mar-14,107.53,107.79,106.5,106.99,91337
14-Mar-14,106.82,108.5,106.75,108.5,120033
16-Mar-14,108.51,108.6,108.31,108.32,750
17-Mar-14,108.35,108.4,106.16,106.4,112936
18-Mar-14,106.28,106.85,105.85,106.65,86172
19-Mar-14,106.59,106.87,105.71,105.84,107803
20-Mar-14,105.87,106.75,105.41,106.23,122795
21-Mar-14,106.25,107.77,106.01,107.2,114972
23-Mar-14,106.97,107.09,106.8,106.81,199
24-Mar-14,106.79,107.5,106.45,106.59,88767
25-Mar-14,106.59,107.48,106.44,106.93,101007
26-Mar-14,106.94,107.35,106.48,107,88464
27-Mar-14,106.92,107.99,106.77,107.69,107367
28-Mar-14,107.73,108.39,107.62,107.97,91224
30-Mar-14,107.89,107.97,107.78,107.92,146
31-Mar-14,107.95,108.33,107.05,107.7,104113
1-Apr-14,107.55,107.7,105.03,105.31,52870
2-Apr-14,105.33,105.76,103.96,104.7,81871
3-Apr-14,104.59,106.24,104.41,106.14,58761
4-Apr-14,106.11,106.91,106.04,106.57,51932
6-Apr-14,106.3,106.31,106.07,106.1,311
7-Apr-14,106.1,106.6,105.12,105.98,53317
8-Apr-14,106,107.8,105.8,107.48,67060
9-Apr-14,107.51,108.12,107.1,107.9,66957
10-Apr-14,107.88,107.91,107.33,107.39,53545
11-Apr-14,107.38,107.92,107.06,107.15,74965
13-Apr-14,107.49,107.88,107.49,107.85,387
14-Apr-14,107.8,109.14,107.28,108.96,156815
15-Apr-14,108.82,109.74,108.33,109.18,133335
16-Apr-14,109.43,110.35,109,109.71,128755
17-Apr-14,109.64,110.18,109.08,109.76,103858
20-Apr-14,109.83,109.89,109.68,109.72,83
21-Apr-14,109.7,110.05,108.89,109.96,45440
22-Apr-14,109.88,109.99,108.53,109.37,119771
23-Apr-14,109.49,109.54,108.6,109.14,113034
24-Apr-14,109.23,110.64,109.07,110.41,122943
25-Apr-14,110.39,110.63,109.25,109.39,112353
27-Apr-14,109.5,109.78,109.46,109.73,218
28-Apr-14,109.77,110.2,107.86,108.12,132076
29-Apr-14,108.13,109.37,108,108.91,97721
30-Apr-14,108.75,108.78,107.55,108.14,122847
1-May-14,107.54,107.56,106.32,107.07,27277
2-May-14,107.22,108.33,107.07,108.33,28804
5-May-14,107.93,108.27,106.44,106.98,22216
6-May-14,106.91,107.58,106.82,107.22,0
7-May-14,106.59,107.73,106.46,107.53,43939
8-May-14,107.51,107.57,106.86,107.49,39045
9-May-14,107.52,108.44,107.05,107.36,55652
11-May-14,107.61,107.61,107.37,107.45,57
12-May-14,107.46,108.17,107.36,107.77,48834
13-May-14,107.75,108.75,107.44,108.65,68692
14-May-14,108.69,109.55,108.63,109.2,101426
15-May-14,109.26,109.65,108.83,109.02,120309
16-May-14,109.09,110.05,108.88,109.68,98489
18-May-14,109.81,109.86,109.73,109.81,176
19-May-14,109.82,110.33,109.3,109.36,87450
20-May-14,109.33,110,109.1,109.84,87249
21-May-14,109.79,110.73,109.7,110.54,115448
22-May-14,110.49,111.04,110.17,110.39,101941
23-May-14,110.39,110.7,110.25,110.44,75444
25-May-14,110.44,110.49,110.34,110.44,35
26-May-14,110.44,110.55,109.75,110.39,21231
27-May-14,110.39,110.8,109.71,110.19,99755
28-May-14,110.19,110.4,109.41,110.06,96465
29-May-14,109.97,110.46,109.72,110.07,89399
30-May-14,110.05,110.13,109.22,109.49,101124
1-Jun-14,108.77,108.77,108.75,108.76,14
2-Jun-14,108.73,109.12,107.95,108.17,28150
3-Jun-14,108.17,108.32,107.7,108.18,22901
4-Jun-14,108.21,108.75,107.37,107.43,35823
5-Jun-14,107.55,108.25,107.11,108.19,46529
6-Jun-14,108.21,108.6,107.71,108.01,35826
8-Jun-14,107.96,107.96,107.79,107.8,40
9-Jun-14,107.81,109.3,107.79,109.1,49135
10-Jun-14,109.09,109.5,108.43,108.98,54679
11-Jun-14,108.94,109.58,108.79,109.51,63351
12-Jun-14,109.34,112.75,109.34,112.54,201660
13-Jun-14,112.8,114.07,112,112.4,180440
15-Jun-14,112.73,113.27,112.57,113.09,1068
16-Jun-14,113.1,113.28,112.33,112.83,101708
17-Jun-14,112.96,113.8,112.16,113.31,128139
18-Jun-14,113.46,114.54,113.05,114.14,129570
19-Jun-14,114.22,115.71,114.15,114.92,150153
20-Jun-14,114.92,115.11,114.43,114.68,104260
22-Jun-14,115.05,115.15,114.9,115.1,342
23-Jun-14,115.09,115.66,113.86,113.97,108443
24-Jun-14,113.9,114.83,113.55,114.13,119497
25-Jun-14,114.35,114.65,113.23,114.22,122377
26-Jun-14,114.24,114.29,113,113.02,98097
27-Jun-14,113.07,113.71,112.9,113.18,84385
29-Jun-14,113.18,113.2,113.04,113.04,145
30-Jun-14,113.04,113.16,112.16,112.4,100797
1-Jul-14,112.5,112.6,111.68,111.85,33042
2-Jul-14,111.95,112.23,110.87,111,50955
3-Jul-14,110.87,111.03,110.5,110.89,45261
4-Jul-14,110.83,111.16,110.48,110.49,16437
6-Jul-14,110.51,110.54,110.41,110.46,133
7-Jul-14,110.46,110.84,109.82,109.85,47971
8-Jul-14,110.09,110.13,108.84,109.01,65326
9-Jul-14,108.96,109.13,108.31,108.32,58215
10-Jul-14,108.3,109.2,107.98,108.85,75368
11-Jul-14,108.94,109.08,106.96,107.26,111378
13-Jul-14,107,107.41,106.98,107.31,218
14-Jul-14,107.33,108.11,106.92,107.6,108096
15-Jul-14,107.51,107.69,105.59,106.75,178210
16-Jul-14,106.81,107.96,106.75,107.08,135626
17-Jul-14,107.16,108.6,106.8,108.45,167534
18-Jul-14,108.5,108.62,106.94,107.14,107470
20-Jul-14,107.1,107.19,106.95,106.97,226
21-Jul-14,106.97,107.87,106.79,107.68,103206
22-Jul-14,107.8,108.4,106.83,106.89,99856
23-Jul-14,106.91,108.25,106.87,108.18,107865
24-Jul-14,108.15,108.21,106.83,107.13,102555
25-Jul-14,107.2,108.46,106.73,108.13,162495
27-Jul-14,108.25,108.38,108.16,108.22,74
28-Jul-14,108.25,108.25,107.02,107.5,98372
29-Jul-14,107.46,108.05,107.13,107.5,115861
30-Jul-14,107.49,107.86,105.84,106.03,136185
31-Jul-14,106.06,106.59,105.41,105.52,139726
1-Aug-14,105.6,106.6,105.06,105.33,44124
3-Aug-14,105.44,105.44,105.32,105.4,40
4-Aug-14,105.39,106.29,105.24,106.17,43916
5-Aug-14,106.01,106.21,104.69,105.59,48750
6-Aug-14,105.43,106,105.21,105.27,55281
7-Aug-14,105.36,106.53,104.88,106.37,60683
8-Aug-14,106.27,107.45,105.31,105.31,94742
10-Aug-14,105.42,105.6,105.32,105.6,101
11-Aug-14,105.56,106.13,105.08,105.09,58406
12-Aug-14,105.17,105.35,103.49,103.8,114430
13-Aug-14,103.73,105.13,103.26,104.68,135928
14-Aug-14,104.9,105.09,101.92,102.08,195510
15-Aug-14,102.1,103.76,102.07,103.4,129607
17-Aug-14,103.25,103.25,102.91,102.98,137
18-Aug-14,103,103.02,101.11,101.79,112904
19-Aug-14,101.62,102.07,101.07,101.6,95896
20-Aug-14,101.5,102.37,101.44,102.29,99962
21-Aug-14,102.28,102.79,101.21,102.69,105145
22-Aug-14,102.67,102.83,102,102.1,82125
24-Aug-14,102.13,102.16,101.86,101.86,225
25-Aug-14,101.97,102.82,101.65,102.66,57040
26-Aug-14,102.71,103.4,102.35,102.58,94395
27-Aug-14,102.42,103.07,102.05,102.6,91522
28-Aug-14,102.54,103.2,102.25,102.47,114341
29-Aug-14,102.51,103.3,102.49,103.04,92751
31-Aug-14,103.11,103.14,103,103.11,210
1-Sep-14,103.1,103.81,103.04,103.1,15563
2-Sep-14,103.28,103.36,100.8,101.24,54242
3-Sep-14,101.03,103.66,101.01,102.91,54391
4-Sep-14,102.95,103.45,102.18,102.3,44451
5-Sep-14,102.4,102.84,100.95,101.53,48623
7-Sep-14,101.53,101.53,101.28,101.41,113
8-Sep-14,101.36,101.55,100.03,100.89,49789
9-Sep-14,100.82,101.25,99.8,100,53144
10-Sep-14,100.1,100.25,98.41,98.75,74987
11-Sep-14,98.81,99.25,97.48,98.95,104444
12-Sep-14,98.89,99.59,97.67,97.8,124451
14-Sep-14,97.64,97.87,97.55,97.63,364
15-Sep-14,97.58,98.4,97.02,98,111097
16-Sep-14,97.96,99.45,97.44,99,127172
17-Sep-14,98.94,99.61,98.51,98.72,127812
18-Sep-14,98.66,99.14,97.42,97.62,124713
19-Sep-14,97.7,98.49,97.18,98.38,115533
21-Sep-14,98.18,98.33,98.16,98.16,83
22-Sep-14,98.12,98.17,96.38,96.85,115178
23-Sep-14,96.95,97.59,96.55,96.94,107400
24-Sep-14,96.92,97.33,95.6,97.09,137414
25-Sep-14,97.03,97.56,96.23,97.05,127900
26-Sep-14,97.07,97.5,96.46,96.9,102614
28-Sep-14,96.85,96.92,96.71,96.71,149
29-Sep-14,96.75,97.34,96.27,97.07,103141
30-Sep-14,97.11,97.8,94.24,94.8,164995
1-Oct-14,94.77,96.78,94.43,94.9,88232
2-Oct-14,94.96,94.99,92.19,94.32,106622
3-Oct-14,94,94.61,92.04,92.82,80089
5-Oct-14,92.66,92.66,92.38,92.45,80
6-Oct-14,92.46,93.75,91.81,93.35,75747
7-Oct-14,93.38,93.49,91.94,92.2,74235
8-Oct-14,92.33,92.33,91,92.14,97084
9-Oct-14,92.06,92.23,88.77,89.23,117545
10-Oct-14,89.53,90.86,88.35,90.27,130764
12-Oct-14,90.17,90.32,87.1,89.14,1856
13-Oct-14,89.14,89.75,88.41,88.61,113586
14-Oct-14,88.71,89.28,84.83,86,218368
15-Oct-14,85.97,86.02,83.38,83.75,294524
16-Oct-14,83.36,88,82.93,86.76,284050
17-Oct-14,86.5,87.34,85.49,86.1,215152
19-Oct-14,86.21,86.69,86.16,86.63,474
20-Oct-14,86.63,86.63,84.41,85.34,146101
21-Oct-14,85.13,86.49,85.1,86.43,146275
22-Oct-14,86.38,87.07,84.47,84.68,164193
23-Oct-14,84.71,87.19,84.12,86.7,207447
24-Oct-14,86.78,86.78,85.29,86.25,132831
27-Oct-14,85.96,86.25,84.55,85.43,127260
28-Oct-14,85.5,86.38,85.08,86.23,100114
29-Oct-14,86.1,87.94,86.06,86.76,141898
30-Oct-14,86.93,87.1,85.71,86.1,113728
31-Oct-14,86.01,86.25,84.6,85.96,133702
2-Nov-14,86.28,86.37,86.26,86.31,53
3-Nov-14,86.39,86.9,84.54,84.71,37838
4-Nov-14,84.73,84.95,82.67,83.3,65870
5-Nov-14,83.36,84.99,82.2,83.89,67687
6-Nov-14,83.65,83.8,82.63,83.31,41630
7-Nov-14,83.29,84.4,82.8,83.6,57135
9-Nov-14,83.84,84.27,83.82,84.21,115
10-Nov-14,84.15,85.5,82.5,82.5,71945
11-Nov-14,82.67,83.01,81.27,82,91240
12-Nov-14,81.84,82.4,80.5,80.67,133777
13-Nov-14,80.72,81,77.4,77.73,149444
14-Nov-14,77.67,79.75,76.76,79.6,176054
16-Nov-14,79.6,79.6,79.37,79.39,272
17-Nov-14,79.4,79.49,77.94,79.08,117796
18-Nov-14,79,79.95,78.21,78.41,115250
19-Nov-14,78.41,79.45,78.04,78.05,128594
20-Nov-14,78.11,79.95,77.56,79.79,119739
21-Nov-14,79.95,81.61,79.07,80.36,196615
24-Nov-14,80.81,80.81,79.4,79.4,101389
25-Nov-14,79.45,80.44,78.05,78.17,138104
26-Nov-14,78.28,78.86,77.3,77.53,116999
27-Nov-14,77.4,77.46,71.25,72.82,184928
28-Nov-14,72.26,73.41,69.78,70.02,169705
30-Nov-14,70.15,70.35,68.22,68.34,2500
1-Dec-14,68.3,73.4,67.82,73.31,55807
2-Dec-14,73.01,73.4,70.79,71.49,40144
3-Dec-14,71.43,71.91,69.99,70.5,28443
4-Dec-14,70.75,71.11,69.31,69.89,33735
5-Dec-14,69.85,70.22,68.54,69.05,33644
7-Dec-14,69.19,69.19,68.15,68.23,327
8-Dec-14,68.39,68.89,66.4,66.52,45312
9-Dec-14,66.44,67.41,65.73,66.79,64936
10-Dec-14,66.56,66.74,63.83,64.56,91340
11-Dec-14,64.95,65.37,63.38,63.55,83663
12-Dec-14,63.35,63.94,61.67,61.92,119594
14-Dec-14,60.71,61.43,60.57,61.05,1475
15-Dec-14,61.06,63.48,60.4,60.52,145168
16-Dec-14,61.21,61.24,58.5,59.8,203540
17-Dec-14,59.9,63.4,58.71,60.64,249612
18-Dec-14,61.18,63.7,59.17,59.81,230204
19-Dec-14,59.27,62.66,59.05,62.15,126933
21-Dec-14,61.99,62.06,61.26,61.55,493
22-Dec-14,61.58,62.97,59.84,60.13,120736
23-Dec-14,60.25,62.14,59.84,61.55,116369
24-Dec-14,61.59,61.69,59.37,60.15,71392
26-Dec-14,60.19,60.97,59.21,59.52,37499
28-Dec-14,59.65,59.92,59.65,59.87,307
29-Dec-14,59.88,60.43,57.37,57.98,109396
30-Dec-14,57.93,58.38,56.74,57.51,103643
31-Dec-14,57.39,57.68,55.81,57.54,106912
2-Jan-15,58.02,58.54,55.48,56.51,107874
4-Jan-15,56.25,56.3,55.74,55.8,532
5-Jan-15,55.77,56.14,52.66,53.15,169531
6-Jan-15,53.2,53.6,50.52,50.9,201593
7-Jan-15,51.14,51.84,49.66,51.02,185120
8-Jan-15,51.06,51.91,49.81,51.05,157255
9-Jan-15,51.25,51.44,48.9,49.95,126043
11-Jan-15,49.93,49.98,49.36,49.38,650
12-Jan-15,49.41,49.58,47.16,47.2,140690
13-Jan-15,47.05,47.29,45.19,46.79,106710
14-Jan-15,46.84,49.21,45.59,48.61,48380
15-Jan-15,48.68,50.62,47,48.36,6549
16-Jan-15,48.25,50.41,48.07,49.9,198321
18-Jan-15,50.1,50.35,49.86,49.91,359
19-Jan-15,49.92,50.34,48.68,48.85,68313
20-Jan-15,48.91,49.48,47.78,48.17,175030
21-Jan-15,48.3,49.59,48.21,48.75,188872
22-Jan-15,48.6,50.45,48.02,49,214697
23-Jan-15,49.11,49.8,48.55,48.55,150208
25-Jan-15,48.56,48.58,47.85,47.97,1449
26-Jan-15,47.9,49.29,47.57,48.11,150765
27-Jan-15,48.25,49.99,47.68,49.26,164211
28-Jan-15,49.1,49.72,48.29,48.65,139893
29-Jan-15,48.69,49.25,48.37,49.05,126508
30-Jan-15,49.15,53.08,48.76,52.95,241857
1-Feb-15,52.6,52.68,51.5,52.1,668
2-Feb-15,52.1,55.62,51.41,54.85,259227
3-Feb-15,55,60.08,54.84,58.02,89994
4-Feb-15,59.1,59.11,54.54,55.47,82704
5-Feb-15,55.85,58.78,54.06,57.87,109455
6-Feb-15,57.67,59.9,57.67,59.09,79280
8-Feb-15,57.93,59.06,57.9,58.6,1010
9-Feb-15,58.56,60.59,57.98,58.83,105882
10-Feb-15,58.87,59.62,57.19,57.97,132258
11-Feb-15,58.15,58.15,55.16,56.3,185626
12-Feb-15,56.33,59.91,56.07,59.24,216467
13-Feb-15,59.27,61.77,59.08,61.41,185575
15-Feb-15,61.49,62.32,61.49,62.03,698
16-Feb-15,62.03,62.57,60.71,61.6,70978
17-Feb-15,61.68,63,60.27,62.29,167588
18-Feb-15,62.3,62.46,59.25,59.46,139605
19-Feb-15,59.54,60.99,57.8,60.21,188491
20-Feb-15,60.2,61.15,59.82,60.1,113940
22-Feb-15,60.04,60.04,59.74,59.89,352
23-Feb-15,59.91,60.67,58.37,59,192314
24-Feb-15,59.09,60.29,58.1,58.75,163766
25-Feb-15,58.75,62.2,58.41,61.91,169462
26-Feb-15,61.85,62.63,59.66,60.52,188749
27-Feb-15,60.75,62.83,60.51,62.48,150323
1-Mar-15,62.83,62.95,62.54,62.89,41
2-Mar-15,62.83,62.96,60.04,60.67,45516
3-Mar-15,60.64,62.52,60.47,61.75,46776
4-Mar-15,61.54,61.69,60.24,61.12,34378
5-Mar-15,61.19,62.1,60.58,61.13,36029
6-Mar-15,61.19,61.75,59.67,60.26,44012
8-Mar-15,60.05,60.13,59.68,59.75,153
9-Mar-15,59.76,60.5,58.95,59.11,58942
10-Mar-15,58.95,59.26,56.62,56.91,79311
11-Mar-15,56.93,58.25,56.35,58.22,93513
12-Mar-15,58.23,59.15,56.75,57.18,109389
13-Mar-15,57.25,57.6,54.75,54.89,124306
15-Mar-15,54.66,54.84,53.64,53.99,1461
16-Mar-15,53.99,55.01,52.65,54.15,158183
17-Mar-15,54.1,54.38,52.57,53.3,132840
18-Mar-15,53.28,56.84,52.68,56.27,185587
19-Mar-15,56.18,56.2,53.91,54.46,139341
20-Mar-15,54.46,55.67,53.55,55.22,125736
22-Mar-15,55.24,55.29,54.65,54.7,187
23-Mar-15,54.72,56.19,54.12,55.89,148694
24-Mar-15,55.83,56.79,54.85,55.31,160607
25-Mar-15,55.09,57.17,54.7,56.38,163845
26-Mar-15,56.35,59.78,56.3,58.86,207161
27-Mar-15,58.97,59.04,55.95,56.12,138166
29-Mar-15,55.96,56.22,55.57,55.94,750
30-Mar-15,55.94,56.65,55.2,56.56,134865
31-Mar-15,56.31,56.33,54.72,55.1,190662
1-Apr-15,55.17,57.69,54.7,56.67,164197
2-Apr-15,56.72,58.32,55.12,56.23,72594
5-Apr-15,56.21,56.71,56.21,56.47,86
6-Apr-15,56.48,59.43,55.69,59.01,48096
7-Apr-15,59.3,60.32,58.17,59.66,90644
8-Apr-15,59.35,59.75,56.61,57.29,81979
9-Apr-15,57.3,59.16,57.1,57.92,90784
10-Apr-15,57.88,59.18,57.33,59.1,94513
12-Apr-15,59.08,59.08,58.87,58.89,42
13-Apr-15,58.92,60.59,58.56,59.05,127394
14-Apr-15,59.14,60.44,58.95,60.17,136977
15-Apr-15,60.06,63.47,60.03,62.71,190261
16-Apr-15,62.9,64.95,62,63.94,179529
17-Apr-15,64.02,64.5,62.95,63.72,138694
19-Apr-15,63.85,64,63.74,64,353
20-Apr-15,64,64.4,62.1,63.48,166844
21-Apr-15,63.52,63.52,61.65,61.78,121388
22-Apr-15,61.9,63.33,61.39,62.85,138161
23-Apr-15,62.88,65.58,62.22,64.75,188240
24-Apr-15,64.75,65.8,64.48,65.49,132798
26-Apr-15,65.47,65.49,65.34,65.44,136
27-Apr-15,65.46,65.61,64.4,64.65,102984
28-Apr-15,64.74,65.49,63.9,64.57,124081
29-Apr-15,64.64,66.72,64.13,65.6,160228
30-Apr-15,65.63,66.93,65.37,66.8,142079
1-May-15,66.78,66.93,65.52,66.51,90243
3-May-15,67.24,67.36,67.24,67.33,4
4-May-15,67.13,67.85,66.73,67.11,18996
5-May-15,67.2,69.13,66.91,68.34,46309
6-May-15,68.43,69.63,67.35,67.45,160709
7-May-15,67.37,69.17,65.88,66.32,63528
8-May-15,66.16,66.44,64.23,65.59,168381
10-May-15,66.15,66.21,66.13,66.13,17
11-May-15,66.09,66.53,65.01,65.51,74703
12-May-15,65.5,67.95,65.4,67.82,123281
13-May-15,67.83,68.52,66.87,67.04,148770
14-May-15,66.97,67.82,66.26,66.65,151194
15-May-15,66.75,67,65.37,66.86,151347
17-May-15,66.91,67,66.91,66.91,35
18-May-15,66.91,67.88,65.92,66.3,136598
19-May-15,66.19,66.39,63.95,64.45,162704
20-May-15,64.49,65.18,64.1,64.96,149310
21-May-15,64.89,66.88,64.83,66.48,159989
22-May-15,66.6,66.64,65.1,65.57,120952
24-May-15,65.56,65.6,65.43,65.49,60
25-May-15,65.55,66.22,64.72,65.9,30299
26-May-15,65.7,65.7,63.29,63.89,172510
27-May-15,63.89,64.67,61.96,62.25,155707
28-May-15,62.2,62.95,61.24,62.85,154512
29-May-15,62.89,65.83,62.68,65.45,233363
31-May-15,65.56,65.6,65.11,65.19,260
1-Jun-15,65.24,65.8,64.25,64.98,123348
2-Jun-15,64.9,66.5,64.71,66.1,57554
3-Jun-15,66.11,66.12,64.26,64.46,52321
4-Jun-15,64.56,64.74,62.48,62.81,49409
5-Jun-15,62.78,64.12,61.67,63.92,67652
7-Jun-15,63.56,63.84,63.56,63.69,121
8-Jun-15,63.66,64.04,63.04,63.19,50019
9-Jun-15,63.32,65.79,63.3,65.72,86191
10-Jun-15,65.8,66.94,65.44,66.09,85495
11-Jun-15,66.11,66.71,65.2,65.47,94768
12-Jun-15,65.5,65.63,64.52,64.52,111160
14-Jun-15,64.37,64.44,64.15,64.15,590
15-Jun-15,64.15,64.76,63.37,63.94,182335
16-Jun-15,63.8,64.41,63.42,63.67,159921
17-Jun-15,63.6,65.47,62.6,63.7,214198
18-Jun-15,63.74,64.96,63.45,64.34,130746
19-Jun-15,64.2,64.56,62.34,62.75,141260
21-Jun-15,62.57,62.86,62.54,62.71,269
22-Jun-15,62.69,63.74,62.1,63.25,127078
23-Jun-15,63.21,64.89,62.76,64.53,187042
24-Jun-15,64.69,65.05,63.01,63.58,165352
25-Jun-15,63.5,63.95,62.72,63.43,114915
26-Jun-15,63.34,63.62,62.5,63.05,121564
28-Jun-15,62.85,62.88,62.4,62.56,1973
29-Jun-15,62.55,62.96,61.35,61.99,180685
30-Jun-15,61.77,63.83,61.71,63.14,137841
1-Jul-15,63.02,63.35,61.84,62.02,143874
2-Jul-15,61.92,63.64,61.92,62.29,52715
3-Jul-15,62.28,62.56,60.63,61.09,28778
5-Jul-15,60.45,60.54,59.88,60.29,339
6-Jul-15,60.15,60.46,56.87,57.14,83385
7-Jul-15,57.3,58.31,55.6,58,106823
8-Jul-15,57.75,58.15,56.35,57.63,90353
9-Jul-15,57.52,59.5,57.31,58.73,95810
10-Jul-15,58.87,59.9,58.15,58.89,73680
12-Jul-15,58.59,58.59,58.1,58.19,952
13-Jul-15,58.16,59.14,57.16,58.14,135767
14-Jul-15,58.05,58.98,56.75,58.94,153200
15-Jul-15,58.8,58.98,56.92,57.37,148113
16-Jul-15,57.36,58,56.86,56.95,160155
17-Jul-15,56.94,57.35,56.4,57.01,118060
19-Jul-15,57.12,57.27,56.97,57.16,170
20-Jul-15,57.14,57.44,56.33,56.54,98584
21-Jul-15,56.55,57.44,56.33,56.98,111671
22-Jul-15,56.88,56.9,55.92,56.09,151204
23-Jul-15,56.04,56.53,55.1,55.41,124575
24-Jul-15,55.39,55.6,54.3,54.56,112078
26-Jul-15,54.45,54.69,54.45,54.62,99
27-Jul-15,54.61,54.89,52.83,52.96,121382
28-Jul-15,53.08,54.08,52.28,52.98,187790
29-Jul-15,53,54.33,52.51,53.55,188678
30-Jul-15,53.52,54.38,53.02,53.38,123520
31-Jul-15,53.43,53.47,51.63,51.85,126332
2-Aug-15,51.55,51.93,51.5,51.7,446
3-Aug-15,51.74,52.01,49.36,49.59,183300
4-Aug-15,49.7,50.45,49.58,50.28,129984
5-Aug-15,50.14,50.99,49.02,49.72,181731
6-Aug-15,49.72,49.83,48.88,49.59,150454
7-Aug-15,49.62,50.06,48.42,48.49,117621
9-Aug-15,48.43,48.45,48.26,48.42,502
10-Aug-15,48.42,50.49,48.24,50.3,143006
11-Aug-15,50.22,51.69,49.18,49.87,114102
12-Aug-15,49.9,50.53,49.28,50.21,167527
13-Aug-15,50.38,50.83,49.25,49.65,169793
14-Aug-15,49.48,49.83,48.65,48.77,172496
16-Aug-15,48.72,48.81,48.6,48.62,312
17-Aug-15,48.64,49.44,48.35,48.57,135366
18-Aug-15,48.55,49.04,48.25,48.65,119917
19-Aug-15,48.5,49.11,46.78,46.88,170610
20-Aug-15,47.03,47.38,46.03,46.25,140080
21-Aug-15,46.34,46.51,45.07,45.43,165580
23-Aug-15,45.35,45.46,45.24,45.42,286
24-Aug-15,45.36,45.36,42.23,42.45,235405
25-Aug-15,42.79,44.5,42.68,43.5,198068
26-Aug-15,43.32,43.76,42.81,43.64,200254
27-Aug-15,43.75,47.75,43.7,47.4,252451
28-Aug-15,47.4,50.98,46.61,49.93,415577
30-Aug-15,50.05,50.05,49.3,49.45,708
31-Aug-15,49.41,54.32,48.25,53.12,343183
1-Sep-15,52.92,53.47,48.47,48.64,338156
2-Sep-15,48.59,51,47.74,50.47,262301
3-Sep-15,50.58,52.46,49.82,50.6,230840
4-Sep-15,50.69,51.05,49.25,49.29,161860
6-Sep-15,49.27,49.44,49.21,49.35,103
7-Sep-15,49.31,49.44,47.5,47.76,59638
8-Sep-15,47.76,49.85,47.64,49.31,177114
9-Sep-15,49.39,50.04,47.32,47.44,128120
10-Sep-15,47.46,49.9,46.76,49.72,76937
11-Sep-15,49.6,49.94,48.11,49.08,128409
13-Sep-15,49,49.25,48.98,49.13,73
14-Sep-15,49.2,49.2,47.25,47.41,114876
15-Sep-15,47.6,48.25,47.01,48.12,133241
16-Sep-15,48.06,50.34,47.71,49.98,191536
17-Sep-15,49.98,50.14,48.32,49.35,181765
18-Sep-15,49.26,49.75,47.16,47.78,165125
20-Sep-15,47.64,47.77,47.55,47.57,116
21-Sep-15,47.58,48.99,47.48,48.73,122688
22-Sep-15,48.5,49.21,47.7,49.2,137669
23-Sep-15,49.08,50.25,47.68,47.8,180587
24-Sep-15,47.88,48.47,47.4,48.33,127434
25-Sep-15,48.17,49.1,47.86,48.34,145183
27-Sep-15,48.34,48.44,48.32,48.39,78
28-Sep-15,48.35,48.41,47.25,47.4,147998
29-Sep-15,47.45,48.65,47.25,47.94,133424
30-Sep-15,47.97,49,47.79,48.44,155963
1-Oct-15,48.4,49.83,47.62,48.06,203872
2-Oct-15,47.99,48.5,46.93,48.22,168210
4-Oct-15,48.08,48.3,47.84,47.88,329
5-Oct-15,47.85,49.87,47.85,49.22,122472
6-Oct-15,49.37,52.26,48.87,52.15,188969
7-Oct-15,52.15,53.15,51.21,51.75,133502
8-Oct-15,51.76,53.52,51.28,53.3,116912
9-Oct-15,53.35,54.05,52.21,52.43,111431
11-Oct-15,52.59,52.85,52.54,52.81,57
12-Oct-15,52.84,53.62,50.16,50.63,113516
13-Oct-15,50.75,51.14,49.34,49.66,155811
14-Oct-15,49.4,50.02,49.21,49.58,137821
15-Oct-15,49.6,50.35,48.7,50.33,196420
16-Oct-15,50.21,50.7,49.31,50.5,117065
18-Oct-15,50.38,50.68,50.38,50.62,183
19-Oct-15,50.68,50.68,48.57,48.91,148134
20-Oct-15,48.83,49.2,48.22,48.56,133175
21-Oct-15,48.58,48.65,47.5,47.89,157590
22-Oct-15,47.96,48.73,47.65,48.22,121196
23-Oct-15,48.32,48.65,47.45,48.08,130286
25-Oct-15,48,48.02,47.9,47.97,177
26-Oct-15,47.96,48.33,47.3,47.46,111572
27-Oct-15,47.43,47.57,46.41,47.03,142338
28-Oct-15,46.91,49.23,46.61,49.12,167425
29-Oct-15,49.15,49.38,48.17,48.61,146932
30-Oct-15,48.66,50,48.28,49.5,144156
1-Nov-15,49.42,49.5,49.37,49.39,249
2-Nov-15,49.39,49.69,48.61,48.77,106228
3-Nov-15,48.9,50.91,48.46,50.25,185989
4-Nov-15,50.25,50.87,48.49,48.92,195640
5-Nov-15,48.84,49,47.93,48.12,106947
6-Nov-15,48.05,48.58,47.27,47.66,100089
8-Nov-15,47.46,47.63,47.42,47.48,210
9-Nov-15,47.48,48.41,47.01,47.3,113105
10-Nov-15,47.32,47.86,46.96,47.05,98189
11-Nov-15,47.08,48.37,46.42,46.59,128222
12-Nov-15,46.74,47.07,45,45.2,204889
13-Nov-15,45.16,45.95,44.16,44.6,200301
15-Nov-15,44.7,44.7,44.39,44.61,579
16-Nov-15,44.6,45.18,43.16,44.86,187757
17-Nov-15,44.7,45.1,43.5,43.99,152560
18-Nov-15,43.97,44.74,43.34,44.27,167112
19-Nov-15,44.3,44.76,43.7,44.26,115790
20-Nov-15,44.29,45.5,44.07,44.48,161008
22-Nov-15,44.36,44.52,44.29,44.42,201
23-Nov-15,44.44,45.73,43.57,45.11,212833
24-Nov-15,45.11,46.5,44.92,45.91,168879
25-Nov-15,46.04,46.5,45.03,46.28,139556
26-Nov-15,46.23,46.32,45,45.62,69638
27-Nov-15,45.57,45.63,44.79,44.87,106395
29-Nov-15,44.86,44.95,44.79,44.81,356
30-Nov-15,44.8,45.75,44.44,44.5,167617
1-Dec-15,44.62,45.18,44.03,44.28,139160
2-Dec-15,44.32,44.64,42.43,42.68,228353
3-Dec-15,42.77,44.69,42.61,44.06,166712
4-Dec-15,43.98,44.82,42.67,43.22,199656
6-Dec-15,42.76,42.93,42.75,42.91,211
7-Dec-15,42.9,43,40.6,40.66,173323
8-Dec-15,40.82,41.45,39.81,40.46,209238
9-Dec-15,40.63,41.59,39.57,40.33,194350
10-Dec-15,40.43,40.7,39.46,39.55,122954
11-Dec-15,39.57,40.13,37.73,38.27,172687
13-Dec-15,38.39,38.39,38.12,38.27,163
14-Dec-15,38.26,38.68,36.75,37.99,213815
15-Dec-15,38.1,39.69,37.81,38.45,227063
16-Dec-15,38.45,38.74,37.17,37.57,196582
17-Dec-15,37.6,37.93,36.75,36.95,151892
18-Dec-15,36.81,37.73,36.41,36.55,181428
20-Dec-15,36.55,36.75,36.32,36.45,940
21-Dec-15,36.46,36.75,36.04,36.23,114135
22-Dec-15,36.36,36.72,35.98,36.38,127226
23-Dec-15,36.37,37.88,36.28,37.79,147350
24-Dec-15,37.77,38.1,36.91,37.93,92540
27-Dec-15,37.84,37.95,37.75,37.76,713
28-Dec-15,37.76,37.85,36.41,36.6,71102
29-Dec-15,36.59,37.98,36.56,37.39,100631
30-Dec-15,37.29,37.55,36.35,36.68,91286
31-Dec-15,36.57,37.95,36.1,37.6,113998
3-Jan-16,37.85,38.46,37.78,38.34,3248
4-Jan-16,38.33,38.99,36.77,37.33,177195
5-Jan-16,37.27,37.57,36.24,36.59,164413
6-Jan-16,36.64,36.67,34.13,34.38,221868
7-Jan-16,34.52,34.74,32.16,33.77,180185
8-Jan-16,34.02,34.72,32.78,33.26,141595
10-Jan-16,33.34,33.36,32.91,32.99,381
11-Jan-16,32.95,33.73,31.52,31.6,155020
12-Jan-16,31.77,32.69,30.5,30.83,202482
13-Jan-16,31.25,31.83,29.94,30.24,250587
14-Jan-16,30.23,31.19,29.7,31.1,219498
15-Jan-16,31,31.02,28.82,29.11,223796
17-Jan-16,28.73,28.8,27.67,28.13,3629
18-Jan-16,28.15,29.57,27.99,28.74,126746
19-Jan-16,28.7,30.24,28.6,28.73,202176
20-Jan-16,28.66,28.75,27.1,27.79,203548
21-Jan-16,27.99,29.84,27.29,29.72,273127
22-Jan-16,29.62,32.3,29.29,32.08,240280
25-Jan-16,32.69,32.81,30,30.09,160814
26-Jan-16,30.01,32.72,29.27,31.09,213503
27-Jan-16,31.2,33.49,30.84,33.01,175106
28-Jan-16,32.84,35.84,32.56,34.55,114751
29-Jan-16,34,36.17,34,35.87,297335
31-Jan-16,35.91,36.25,35.66,35.91,1337
1-Feb-16,35.92,36.05,33.92,34.13,256570
2-Feb-16,34.12,34.13,32.23,32.57,253895
3-Feb-16,32.41,35.53,32.3,35.47,320545
4-Feb-16,35.32,35.84,34.15,34.39,223450
5-Feb-16,34.39,35.14,33.81,34.13,185374
7-Feb-16,33.99,34.21,33.88,33.88,316
8-Feb-16,33.88,34.68,32.77,33.21,164516
9-Feb-16,33.17,33.56,30.28,30.81,256841
10-Feb-16,30.94,31.9,30.35,30.97,232562
11-Feb-16,30.83,31.35,29.92,31.13,243327
12-Feb-16,31.31,33.44,30.85,32.65,259523
14-Feb-16,32.77,32.95,32.67,32.85,401
15-Feb-16,32.89,34.09,32.81,34.03,108049
16-Feb-16,34.51,35.54,31.92,32.3,356911
17-Feb-16,32.54,34.99,31.82,34.87,240099
18-Feb-16,34.91,35.73,33.79,33.99,263401
19-Feb-16,33.88,34.46,32.68,33.12,160221
21-Feb-16,33.15,33.22,32.85,32.97,478
22-Feb-16,32.96,34.97,32.9,34.67,149846
23-Feb-16,34.54,35.11,32.9,32.9,167113
24-Feb-16,32.98,34.67,32.37,34.41,207764
25-Feb-16,34.39,35.74,33.3,35.06,84727
26-Feb-16,35.1,37,34.74,35.13,52660
28-Feb-16,35.43,35.44,35.2,35.23,453
29-Feb-16,35.25,36.74,35.08,36.64,212398
1-Mar-16,36.6,37.25,35.95,36.6,243836
2-Mar-16,36.62,37.4,36.1,37.06,250894
3-Mar-16,36.93,37.37,36.35,37.06,161152
4-Mar-16,37.04,38.95,36.82,38.93,279692
6-Mar-16,38.88,39.2,38.87,39.01,1008
7-Mar-16,39.02,41.04,38.88,40.83,276213
8-Mar-16,40.71,41.48,39.31,39.54,292559
9-Mar-16,39.65,41.18,39.39,40.84,236068
10-Mar-16,40.89,41,39.63,40.16,231872
11-Mar-16,40.33,41.03,40.02,40.38,186989
13-Mar-16,40.25,40.47,40.2,40.34,484
14-Mar-16,40.37,40.5,38.82,39.73,209148
15-Mar-16,39.66,39.74,38.33,38.95,184154
16-Mar-16,39.14,40.44,38.83,40.21,163619
17-Mar-16,40.45,41.6,40.41,41.43,161476
18-Mar-16,41.38,42.54,41.07,41.46,174027
20-Mar-16,41.31,41.39,41.06,41.06,437
21-Mar-16,41.07,41.88,40.48,41.41,123496
22-Mar-16,41.47,42.08,40.97,41.58,139340
23-Mar-16,41.56,41.82,40.61,40.73,109379
24-Mar-16,40.4,40.64,39.22,40.45,131305
27-Mar-16,41.16,41.28,41.11,41.2,194
28-Mar-16,41.2,41.62,40.23,40.76,40523
29-Mar-16,40.8,40.85,39.46,40.03,132990
30-Mar-16,40.13,41.35,39.88,39.94,168368
31-Mar-16,39.84,40.85,39.5,40.14,207923
1-Apr-16,40.14,40.43,38.55,38.75,203107
3-Apr-16,38.69,38.69,38.25,38.28,793
4-Apr-16,38.29,38.92,37.5,37.58,169038
5-Apr-16,37.5,38.44,37.27,38.33,161928
6-Apr-16,38.4,39.94,38.34,39.75,195498
7-Apr-16,39.9,40.29,38.7,39.66,174065
8-Apr-16,39.68,42.01,39.62,41.89,212185
10-Apr-16,42,42.45,41.88,42.44,694
11-Apr-16,42.44,43.06,41.41,42.81,178061
12-Apr-16,42.7,44.81,42.56,44.28,231417
13-Apr-16,44.44,44.94,43.76,43.9,210814
14-Apr-16,44.01,44.62,43.29,43.78,143944
15-Apr-16,43.8,44.05,42.28,42.85,182748
17-Apr-16,40.8,40.86,40.1,40.58,9950
18-Apr-16,40.58,43.43,40.57,43.16,262207
19-Apr-16,43.14,44.5,42.6,43.8,217908
20-Apr-16,43.52,45.88,42.81,45.59,210428
21-Apr-16,45.54,46.18,44.44,44.73,209909
22-Apr-16,44.75,45.9,44.3,45.16,150857
24-Apr-16,45.13,45.13,44.92,44.98,301
25-Apr-16,44.95,45.59,44.26,44.76,134011
26-Apr-16,44.69,46.49,44.36,46.42,123824
27-Apr-16,46.09,47.2,45.44,47,171626
28-Apr-16,46.87,47.82,46.51,47.68,154012
29-Apr-16,47.58,48.29,46.76,47.32,208921
1-May-16,47.37,47.39,47.01,47.01,555
2-May-16,47.03,47.33,45.72,45.91,122841
3-May-16,45.8,46.4,44.62,45.23,196285
4-May-16,45.21,46.01,44.19,44.92,205079
5-May-16,45.08,46.77,44.65,45.22,197070
6-May-16,45.16,46.12,44.19,45.28,191619
8-May-16,46.08,46.48,46.03,46.28,2406
9-May-16,46.31,46.31,43.43,43.45,214746
10-May-16,43.49,45.7,43.33,45.44,193316
11-May-16,45.59,47.75,44.8,47.4,229065
12-May-16,47.32,48.19,46.8,47.91,193843
13-May-16,47.85,48.12,47.26,47.85,147945
15-May-16,47.82,48.15,47.77,47.92,1120
16-May-16,47.92,49.47,47.81,49.13,158239
17-May-16,49.03,49.75,48.57,49.36,158314
18-May-16,49.36,49.85,48.45,48.54,196972
19-May-16,48.67,48.88,47.38,48.88,194055
20-May-16,48.9,49.39,48.07,48.74,150873
22-May-16,48.72,48.84,48.54,48.64,414
23-May-16,48.62,48.7,47.58,48.39,115800
24-May-16,48.35,49.24,47.8,49.04,128133
25-May-16,49.16,49.96,48.91,49.78,135533
26-May-16,49.76,50.51,49.25,49.33,95972
27-May-16,49.97,50.13,49.34,50.03,107284
30-May-16,50.02,50.43,49.55,50.28,34555
31-May-16,50.3,50.87,49.5,49.52,149012
1-Jun-16,49.65,50,48.65,49.74,172007
2-Jun-16,49.63,50.3,48.84,49.95,182231
3-Jun-16,49.95,50.33,49.3,49.84,142199
5-Jun-16,49.83,49.96,49.83,49.83,183
6-Jun-16,49.83,50.83,49.72,50.48,142495
7-Jun-16,50.46,51.54,50.28,51.49,151508
8-Jun-16,51.41,52.8,51.32,52.7,194655
9-Jun-16,52.74,52.86,51.53,51.86,152392
10-Jun-16,51.91,52.1,50.33,50.48,153969
12-Jun-16,50.42,50.42,50.12,50.27,893
13-Jun-16,50.27,50.79,49.61,50,143079
14-Jun-16,49.89,50.05,49.2,49.25,138261
15-Jun-16,49.22,49.8,48.39,48.62,183805
16-Jun-16,48.56,48.77,46.94,47.03,223391
17-Jun-16,47.28,49.4,47.25,49.25,182101
19-Jun-16,49.42,49.58,49.34,49.46,511
20-Jun-16,49.46,50.68,49.36,50.41,164194
21-Jun-16,50.43,51.1,49.46,50.95,159002
22-Jun-16,51.06,51.24,49.18,49.89,188149
23-Jun-16,50.14,51.18,49.89,51.14,146431
24-Jun-16,50.69,50.74,47.54,48.41,263393
26-Jun-16,48.43,49.1,48.41,48.73,1071
27-Jun-16,48.76,49.48,47.3,48.11,133561
28-Jun-16,47.61,48.79,47.47,48.66,67719
29-Jun-16,49.49,51.44,49.33,50.96,184120
30-Jun-16,50.94,51.02,49.53,49.74,188659
1-Jul-16,49.9,50.66,49.25,50.55,156808
3-Jul-16,50.6,50.68,50.35,50.53,331
4-Jul-16,50.54,50.75,50.03,50.04,59508
5-Jul-16,50.03,50.05,47.54,48.18,204852
6-Jul-16,48.06,49.31,47.17,49.25,215327
7-Jul-16,49.12,49.59,46.15,46.45,232673
8-Jul-16,46.6,47.23,46.15,46.44,161181
10-Jul-16,46.49,46.67,46.31,46.61,270
11-Jul-16,46.58,47.1,45.9,46.07,128724
12-Jul-16,46.17,48.57,46.09,48.19,188473
13-Jul-16,48.13,48.2,46.09,46.56,192832
14-Jul-16,46.59,47.47,46.34,47.13,147726
15-Jul-16,47.03,48.25,46.65,48.09,139275
17-Jul-16,47.92,47.95,47.3,47.67,1080
18-Jul-16,47.69,47.9,46.5,47.03,132312
19-Jul-16,46.93,47.49,46.53,46.71,120435
20-Jul-16,46.76,47.49,45.9,47.13,187566
21-Jul-16,47.17,47.56,46.05,46.19,121022
22-Jul-16,46.21,46.5,45.17,45.74,139792
24-Jul-16,45.7,45.73,45.55,45.63,155
25-Jul-16,45.65,45.87,44.55,45.06,109962
26-Jul-16,45.17,45.34,44.53,44.91,83400
27-Jul-16,44.9,45.33,43.72,43.82,157538
28-Jul-16,43.95,44.15,43.13,43.16,165848
29-Jul-16,43.14,43.6,42.52,43.21,181881
31-Jul-16,43.11,43.38,43.11,43.27,305
1-Aug-16,43.26,43.85,41.87,42.22,164939
2-Aug-16,42.23,43.18,41.51,41.97,184155
3-Aug-16,41.94,43.47,41.56,43.44,200589
4-Aug-16,43.36,44.34,42.51,44.22,167013
5-Aug-16,44.18,44.49,43.51,44.42,153261
7-Aug-16,44.34,44.42,44.25,44.3,129
8-Aug-16,44.31,45.71,44.24,45.18,149109
9-Aug-16,45.25,45.77,44.76,44.99,137183
10-Aug-16,44.92,45.68,43.81,43.84,186356
11-Aug-16,43.78,46.3,43.46,45.96,220786
12-Aug-16,46.18,47.25,45.74,47.08,149167
14-Aug-16,47.14,47.25,47.01,47.15,108
15-Aug-16,47.13,48.54,46.84,48.1,170172
16-Aug-16,48.22,49.36,47.9,48.9,171880
17-Aug-16,48.88,49.93,48.55,49.8,204645
18-Aug-16,49.76,51.05,49.52,50.9,166611
19-Aug-16,50.96,51.22,50.32,50.79,144473
21-Aug-16,50.7,50.7,50.35,50.4,1693
22-Aug-16,50.38,50.57,49.07,49.1,153093
23-Aug-16,49.04,50.21,48.48,49.58,186990
24-Aug-16,49.57,49.87,48.68,49.03,151269
25-Aug-16,49.03,49.93,48.7,49.93,118246
26-Aug-16,49.91,50.99,49.38,49.79,98474
28-Aug-16,49.77,49.82,49.68,49.68,273
29-Aug-16,49.67,49.83,49.15,49.41,73823
30-Aug-16,49.45,49.9,48.48,48.68,148770
31-Aug-16,48.65,48.77,46.77,46.97,204364
1-Sep-16,46.98,47.24,45.32,45.82,205243
2-Sep-16,45.79,47.02,45.41,46.68,216491
4-Sep-16,46.7,46.71,46.62,46.66,193
5-Sep-16,46.65,49.4,46.4,47.4,235993
6-Sep-16,47.43,47.99,46.29,47.36,162964
7-Sep-16,47.2,48.56,46.97,48.55,159176
8-Sep-16,48.55,50.14,48.21,49.69,207326
9-Sep-16,49.63,49.7,47.76,47.88,162500
11-Sep-16,47.81,47.84,47.3,47.56,1290
12-Sep-16,47.57,48.63,46.9,48.15,178756
13-Sep-16,48.17,48.22,46.96,47.19,173439
14-Sep-16,47.33,47.48,45.7,45.97,218323
15-Sep-16,46.06,47,45.67,46.41,175363
16-Sep-16,46.31,46.41,45.48,46.05,149663
18-Sep-16,46.01,46.27,45.89,46.23,512
19-Sep-16,46.24,46.93,45.85,45.92,137720
20-Sep-16,45.91,46.3,45.09,46.2,191433
21-Sep-16,46.45,47.14,46.38,47.05,151960
22-Sep-16,46.99,47.83,46.99,47.46,129060
23-Sep-16,47.42,48.26,45.65,46.07,188515
25-Sep-16,46.62,46.91,46.58,46.86,312
26-Sep-16,46.87,48.24,46.3,47.54,116740
27-Sep-16,47.71,47.89,46.17,46.75,153982
28-Sep-16,46.75,49.5,46.26,49.43,330427
29-Sep-16,49.46,50.39,48.55,49.62,254838
30-Sep-16,49.76,50.27,48.9,49.99,182181
2-Oct-16,50.02,50.05,49.83,49.9,382
3-Oct-16,49.88,51.14,49.74,50.8,180889
4-Oct-16,50.93,51.55,50.34,51.31,179854
5-Oct-16,51.22,52.09,51.22,51.61,183458
6-Oct-16,51.76,52.75,51.32,52.59,177553
7-Oct-16,52.72,52.84,51.33,51.69,185691
9-Oct-16,51.63,51.8,51.48,51.53,636
10-Oct-16,51.51,53.73,51.3,52.92,192779
11-Oct-16,53.11,53.32,52.12,52.53,189329
12-Oct-16,52.48,52.87,51.61,51.66,160178
13-Oct-16,51.6,52.15,50.92,51.96,171390
14-Oct-16,52.06,52.55,51.5,52,125868
16-Oct-16,51.93,51.97,51.75,51.79,453
17-Oct-16,51.79,52.29,51.16,51.68,136091
18-Oct-16,51.72,52.15,51.25,52.15,128987
19-Oct-16,52.13,53.14,52.09,52.54,167973
20-Oct-16,52.6,52.72,51.17,51.39,149087
21-Oct-16,51.4,51.94,51.12,51.92,122261
23-Oct-16,51.89,51.92,51.47,51.56,469
24-Oct-16,51.6,52.01,50.5,51.48,136259
25-Oct-16,51.44,51.83,50.22,51.29,135021
26-Oct-16,51.26,51.8,50.75,51.07,131587
27-Oct-16,51.1,51.98,50.94,51.43,148817
28-Oct-16,51.51,51.66,50.34,50.57,153982
30-Oct-16,50.34,50.44,50.26,50.35,2551
31-Oct-16,50.34,50.76,48.45,48.51,235832
1-Nov-16,48.72,49.26,47.72,47.9,249773
2-Nov-16,47.9,48.02,46.46,47.08,229932
3-Nov-16,47.15,47.52,45.99,46.28,175216
4-Nov-16,46.43,46.56,45.08,45.6,240701
6-Nov-16,45.7,46.04,45.7,45.94,1932
7-Nov-16,45.95,46.38,45.38,46.33,159938
8-Nov-16,46.3,46.69,45.6,45.82,177014
9-Nov-16,46.04,46.95,44.4,46.5,249300
10-Nov-16,46.36,46.92,45.56,45.66,160191
11-Nov-16,45.8,45.89,44.19,44.52,169364
13-Nov-16,44.54,44.94,44.54,44.86,364
14-Nov-16,44.88,44.99,43.57,44.76,168627
15-Nov-16,44.7,47.25,44.67,46.91,203023
16-Nov-16,46.88,47.56,46.25,46.34,198561
17-Nov-16,46.44,47.62,45.97,46,159824
18-Nov-16,46.05,46.99,45.75,46.89,161773
20-Nov-16,46.92,47.49,46.92,47.36,1202
21-Nov-16,47.35,49.15,47.17,49.04,179139
22-Nov-16,49.25,49.96,48.14,49.05,235895
23-Nov-16,49.2,49.5,48.56,48.88,141563
24-Nov-16,49.03,49.21,48.76,48.86,46314
25-Nov-16,48.96,49.02,46.85,47.12,117615
27-Nov-16,47.97,47.97,47.3,47.42,1856
28-Nov-16,47.41,49.76,47.38,48.99,201340
29-Nov-16,49.06,49.07,46.91,47.26,249505
30-Nov-16,47.51,52.37,47.4,51.52,522586
1-Dec-16,51.72,54.53,51.51,53.7,280322
2-Dec-16,53.88,54.5,52.84,54.49,199243
4-Dec-16,54.4,54.44,53.85,54.09,1947
5-Dec-16,54.08,55.33,53.77,54.19,178920
6-Dec-16,54.5,54.94,53.51,53.89,163506
7-Dec-16,53.94,54.23,52.92,53.02,165876
8-Dec-16,53.15,54.05,52.81,53.98,163775
9-Dec-16,53.97,54.46,53.77,54.36,128064
11-Dec-16,55.88,57.89,55.55,56.8,10137
12-Dec-16,56.76,57.26,55.11,55.45,206568
13-Dec-16,55.7,56.44,55.13,55.23,129488
14-Dec-16,55.16,55.81,53.52,53.72,193301
15-Dec-16,53.76,54.5,53.15,54.23,152316
16-Dec-16,54.11,55.38,53.71,55.33,141092
18-Dec-16,55.4,55.58,55.28,55.3,896
19-Dec-16,55.29,55.8,54.69,55.07,95204
20-Dec-16,55.02,55.92,54.75,55.54,108707
21-Dec-16,55.52,55.87,54.32,54.53,114468
22-Dec-16,54.55,55.23,54.05,54.9,103725
23-Dec-16,54.84,55.25,54.26,55.08,64113
27-Dec-16,55.96,57.82,55.77,56.95,62244
28-Dec-16,56.71,57.27,56.61,56.63,89785
29-Dec-16,56.73,57.33,56.66,56.95,120840
30-Dec-16,57,57.2,56.46,56.75,86858
2-Jan-17,56.82,56.82,56.82,56.82,1
3-Jan-17,57.05,58.37,55.3,55.56,226241
4-Jan-17,55.73,56.55,55.33,56.47,155502
5-Jan-17,56.35,57.35,56.01,56.9,159774
6-Jan-17,56.88,57.47,56.28,56.75,130683
8-Jan-17,56.81,56.99,56.81,56.97,276
9-Jan-17,56.96,57,54.74,54.82,162904
10-Jan-17,54.95,55.36,53.58,53.63,191134
11-Jan-17,53.8,55.67,53.7,55.33,223175
12-Jan-17,55.19,56.43,55.01,56.11,168444
13-Jan-17,56,56.21,55.28,55.59,131593
16-Jan-17,55.64,55.92,55.19,55.68,60334
17-Jan-17,55.74,56.95,55.4,55.47,167423
18-Jan-17,55.48,55.9,53.77,54.25,211623
19-Jan-17,54.29,54.77,53.9,54.21,150345
20-Jan-17,54.33,55.8,54.18,55.49,159750
22-Jan-17,55.7,55.75,55.42,55.6,992
23-Jan-17,55.6,55.63,54.65,55.37,138770
24-Jan-17,55.42,55.86,55.07,55.16,110996
25-Jan-17,55.24,55.75,54.75,55.65,132397
26-Jan-17,55.73,56.78,55.48,56.45,117416
27-Jan-17,56.33,56.72,55.09,55.65,134761
29-Jan-17,55.66,55.68,55.39,55.43,301
30-Jan-17,55.44,55.86,55.04,55.32,127056
31-Jan-17,55.34,56.44,54.96,55.49,203539
1-Feb-17,55.55,56.83,55.36,56.59,187248
2-Feb-17,56.53,57.45,56.33,56.74,178082
3-Feb-17,56.92,57.29,56.39,56.72,136945
5-Feb-17,56.85,56.91,56.73,56.91,312
6-Feb-17,56.91,57.13,55.65,55.89,136788
7-Feb-17,55.91,55.98,54.58,54.66,176445
8-Feb-17,54.5,55.68,54.44,55.16,178003
9-Feb-17,55.3,55.92,55.23,55.74,117740
10-Feb-17,55.66,56.88,55.59,56.61,154834
12-Feb-17,56.68,56.81,56.65,56.7,204
13-Feb-17,56.71,56.79,55.41,55.66,140503
14-Feb-17,55.75,56.46,55.53,55.8,120613
15-Feb-17,55.82,56.25,55.56,55.69,118142
16-Feb-17,55.74,56.24,55.13,55.81,158184
17-Feb-17,55.73,55.88,55.1,55.72,109011
19-Feb-17,55.9,55.98,55.77,55.78,281
20-Feb-17,55.77,56.42,55.7,56.15,57778
21-Feb-17,56.17,57.31,56.1,56.67,104293
22-Feb-17,56.74,57.01,55.64,56.19,115100
23-Feb-17,56.2,57.26,56.18,56.47,120861
24-Feb-17,56.4,56.66,55.74,56.04,48023
26-Feb-17,56.32,56.39,56.28,56.35,391
27-Feb-17,56.35,57.06,56.29,56.43,119795
28-Feb-17,56.52,56.64,55.62,56.45,220262
1-Mar-17,56.45,57.05,56.24,56.28,156703
2-Mar-17,56.31,56.44,55.03,55.03,210940
3-Mar-17,55.18,55.95,55.09,55.71,144251
5-Mar-17,55.8,56,55.8,55.91,1419
6-Mar-17,55.89,56.25,55.32,55.94,131220
7-Mar-17,55.95,56.65,55.56,55.6,144108
8-Mar-17,55.63,55.77,52.93,53.16,282244
9-Mar-17,53.49,53.86,51.5,52.38,336458
10-Mar-17,52.33,53.02,51.14,51.27,224090
12-Mar-17,51.49,51.49,50.85,50.99,4708
13-Mar-17,51,51.7,50.92,51.33,170827
14-Mar-17,51.34,51.86,50.25,51.84,266119
15-Mar-17,51.5,52.15,51.36,52,180170
16-Mar-17,52.08,52.65,51.5,51.74,157291
17-Mar-17,51.74,52.18,51.53,51.67,99138
19-Mar-17,51.8,51.8,51.66,51.68,525
20-Mar-17,51.68,51.94,51.01,51.72,137801
21-Mar-17,51.7,52.22,50.73,50.85,156322
22-Mar-17,50.86,50.98,49.71,50.68,189809
23-Mar-17,50.83,51.1,50.25,50.51,114353
24-Mar-17,50.64,51.06,50.4,50.97,77801
26-Mar-17,51.15,51.19,50.9,51.12,910
27-Mar-17,51.1,51.14,50.13,50.94,89721
28-Mar-17,50.98,52,50.92,51.42,120853
29-Mar-17,51.49,52.61,51.45,52.55,158279
30-Mar-17,52.53,53.27,52.17,53.07,171946
31-Mar-17,53.04,53.77,52.6,53.62,211716
2-Apr-17,53.62,53.63,53.46,53.48,659
3-Apr-17,53.5,53.74,53.03,53.1,123567
4-Apr-17,53.18,54.38,52.73,54.26,158286
5-Apr-17,54.22,55.09,53.97,54.01,185600
6-Apr-17,54.13,55,54.02,54.9,121444
7-Apr-17,54.88,56.08,54.57,55.26,193763
9-Apr-17,55.19,55.52,55.19,55.42,396
10-Apr-17,55.44,56.05,55.23,56,131976
11-Apr-17,56.08,56.3,55.45,56.29,155798
12-Apr-17,56.28,56.65,55.5,55.62,165107
13-Apr-17,55.66,56.06,55.56,55.64,112860
16-Apr-17,55.55,55.78,55.55,55.67,503
17-Apr-17,55.65,55.98,55.29,55.48,72483
18-Apr-17,55.39,55.48,54.61,54.82,155422
19-Apr-17,54.78,55.2,52.58,53.08,217130
20-Apr-17,53.09,53.55,52.68,52.99,174646
21-Apr-17,53,53.29,51.57,52.05,175783
23-Apr-17,52.11,52.36,52.07,52.2,1192
24-Apr-17,52.22,52.57,51.42,51.61,116993
25-Apr-17,51.6,52.45,51.3,52.42,119055
26-Apr-17,52.32,52.95,51.85,52.07,169679
27-Apr-17,52.11,52.28,51.01,52.07,226586
28-Apr-17,51.95,52.6,51.62,51.89,187574
30-Apr-17,51.88,51.94,51.81,51.85,378
1-May-17,51.85,51.97,51.22,51.46,77485
2-May-17,51.39,52.16,50.14,51.13,216774
3-May-17,50.99,51.14,50.2,50.62,201916
4-May-17,50.59,50.73,48.16,48.35,319351
5-May-17,48.45,49.63,46.64,49.47,307736
7-May-17,49.27,49.56,49.27,49.45,777
8-May-17,49.45,49.92,48.48,49.45,205200
9-May-17,49.44,49.72,48.39,48.99,179665
10-May-17,48.95,50.63,48.81,50.28,205586
11-May-17,50.28,51.16,50.25,50.77,163314
12-May-17,50.76,51.09,50.33,50.91,139073
14-May-17,50.84,50.86,50.74,50.76,122
15-May-17,50.75,52.63,50.74,51.8,191306
16-May-17,51.88,52.36,51.1,51.23,154080
17-May-17,51.2,52.61,51.04,52.09,191628
18-May-17,52.19,52.74,51.11,52.5,196000
19-May-17,52.57,53.82,52.55,53.8,166740
21-May-17,53.85,54.01,53.83,54.01,1253
22-May-17,54.02,54.37,53.66,53.74,160197
23-May-17,53.87,54.43,53.2,54.16,148916
24-May-17,54.14,54.62,53.66,53.86,164905
25-May-17,54.15,54.67,51.03,51.64,298877
26-May-17,51.79,52.65,51.05,52.58,159617
28-May-17,52.5,52.8,52.5,52.62,268
29-May-17,52.63,52.96,52.21,52.56,39031
30-May-17,52.59,52.69,51.6,52.19,141097
31-May-17,52.18,52.32,50.21,50.98,229161
1-Jun-17,51.17,51.45,50.23,50.4,233568
2-Jun-17,50.23,50.52,48.95,49.95,239811
4-Jun-17,49.87,50.09,49.87,49.95,333
5-Jun-17,49.96,50.74,49.04,49.48,170007
6-Jun-17,49.57,50.3,49,49.97,179622
7-Jun-17,49.97,50.14,47.96,48.2,256361
8-Jun-17,48.26,48.6,47.56,47.87,201137
9-Jun-17,47.79,48.56,47.4,48.3,159725
11-Jun-17,48.06,48.35,48.03,48.33,289
12-Jun-17,48.33,49.15,48.01,48.27,162424
13-Jun-17,48.32,48.82,47.87,48.23,148570
14-Jun-17,48.18,48.69,46.74,46.9,245841
15-Jun-17,46.8,47.2,46.7,46.79,145329
16-Jun-17,46.82,47.61,46.81,47.27,113395
18-Jun-17,47.21,47.34,47.21,47.25,100
19-Jun-17,47.28,47.76,46.77,46.81,124946
20-Jun-17,46.96,47.23,45.42,45.84,195463
21-Jun-17,45.89,46.63,44.35,44.78,206285
22-Jun-17,44.81,45.79,44.53,45.29,140597
23-Jun-17,45.28,45.75,45.03,45.61,82797
25-Jun-17,45.71,46.1,45.71,45.98,903
26-Jun-17,45.96,46.42,45.26,46.14,79215
27-Jun-17,46.1,47.3,46,46.46,115491
28-Jun-17,46.54,47.7,46.54,47.66,148517
29-Jun-17,47.61,48.27,47.34,47.5,172035
30-Jun-17,47.6,49,47.6,48.94,174771
2-Jul-17,48.95,49,48.86,48.92,459
3-Jul-17,48.94,49.71,48.54,49.6,145344
4-Jul-17,49.63,49.9,49.29,49.68,68406
5-Jul-17,49.67,49.84,47,48.34,240146
6-Jul-17,48.28,49.18,47.77,47.97,201144
7-Jul-17,47.76,47.76,46.28,46.9,222223
9-Jul-17,47.04,47.07,46.86,46.88,350
10-Jul-17,46.95,47.38,46.11,46.99,146808
11-Jul-17,46.99,48.21,46.29,48.1,172128
12-Jul-17,48.21,48.79,47.35,47.71,195304
13-Jul-17,47.7,48.53,47.18,48.37,139758
14-Jul-17,48.37,49.11,48.15,49.09,147488
16-Jul-17,49.14,49.14,49.01,49.03,199
17-Jul-17,49.04,49.26,48.31,48.37,113985
18-Jul-17,48.4,49.41,48.24,48.7,143694
19-Jul-17,48.71,49.81,48.58,49.57,165111
20-Jul-17,49.65,50.19,49.19,49.28,155467
21-Jul-17,49.33,49.65,47.81,47.96,164513
23-Jul-17,47.93,48.06,47.93,48.03,270
24-Jul-17,48.02,48.77,47.68,48.71,133619
25-Jul-17,48.64,51.03,48.63,50.84,151370
26-Jul-17,50.74,51.2,50.23,51.01,106689
27-Jul-17,51,51.67,50.58,51.63,129752
28-Jul-17,51.58,52.35,51.33,52.32,153419
30-Jul-17,52.38,52.51,52.34,52.43,868
31-Jul-17,52.42,52.9,51.78,52.68,182257
1-Aug-17,52.7,52.93,50.88,51.47,200989
2-Aug-17,51.38,52.43,51.18,52.29,184741
3-Aug-17,52.24,52.89,51.77,51.93,160510
4-Aug-17,51.97,52.52,51.43,52.46,150967
6-Aug-17,52.39,52.53,52.38,52.42,104
7-Aug-17,52.42,52.53,51.37,52.3,157288
8-Aug-17,52.24,52.73,51.82,51.99,140942
9-Aug-17,51.99,52.85,51.81,52.82,141519
10-Aug-17,52.72,53.64,51.67,51.82,215117
11-Aug-17,51.94,52.28,51.3,52.05,146409
13-Aug-17,52.02,52.05,51.97,52.05,203
14-Aug-17,52.05,52.38,50.55,50.62,160766
15-Aug-17,50.65,51.15,50.02,51,164529
16-Aug-17,50.98,51.4,50.15,50.4,157385
17-Aug-17,50.4,51.12,50,50.8,165677
18-Aug-17,50.89,52.96,50.78,52.86,190850
20-Aug-17,52.9,52.9,52.77,52.8,53
21-Aug-17,52.81,52.85,51.3,51.7,165857
22-Aug-17,51.78,52.28,51.39,51.67,147615
23-Aug-17,51.68,52.63,51.45,52.52,142490
24-Aug-17,52.55,52.71,51.61,52.13,123758
25-Aug-17,52.3,52.68,51.91,51.91,108861
27-Aug-17,52.26,52.44,52.25,52.35,1416
28-Aug-17,52.35,52.41,51.07,51.61,96309
29-Aug-17,51.54,51.79,50.98,51.6,135093
30-Aug-17,51.65,51.69,50.52,50.67,197737
31-Aug-17,50.53,52.9,50.49,52.77,258068
1-Sep-17,52.84,52.95,52.24,52.69,152091
3-Sep-17,52.85,52.85,52.43,52.44,1065
4-Sep-17,52.45,52.79,51.99,52.2,73820
5-Sep-17,52.3,53.66,52.09,53.19,180615
6-Sep-17,53.16,54.31,53.09,54.17,168636
7-Sep-17,54.13,54.67,53.89,54.5,162378
8-Sep-17,54.54,54.87,53.57,53.75,166923
10-Sep-17,53.82,53.96,53.78,53.9,275
11-Sep-17,53.91,54.14,53.05,53.93,139627
12-Sep-17,53.77,54.44,53.42,54.28,122652
13-Sep-17,54.18,55.21,54.03,55.08,140928
14-Sep-17,55.02,55.99,54.93,55.28,147177
15-Sep-17,55.29,55.85,54.86,55.48,123136
17-Sep-17,55.59,55.59,55.47,55.51,128
18-Sep-17,55.49,55.95,54.82,55.44,136077
19-Sep-17,55.48,55.89,54.89,55.4,116744
20-Sep-17,55.35,56.48,55.26,56.18,156910
21-Sep-17,56.17,56.53,55.76,56.45,102271
22-Sep-17,56.5,56.91,56.22,56.9,92354
24-Sep-17,56.87,56.91,56.81,56.88,424
25-Sep-17,56.89,59.25,56.7,58.52,123467
26-Sep-17,58.55,58.88,57.22,58.03,170502
27-Sep-17,58.11,58.34,57.25,57.32,165989
28-Sep-17,57.39,58.28,56.56,57.27,221079
29-Sep-17,57.29,57.43,56.44,56.53,175274
1-Oct-17,56.73,56.76,56.6,56.72,647
2-Oct-17,56.72,56.75,55.5,56.07,193277
3-Oct-17,56.1,56.4,55.7,55.72,144069
4-Oct-17,55.67,56.2,55.38,55.74,178069
5-Oct-17,55.77,57.24,55.7,56.99,172050
6-Oct-17,56.99,57.28,55.13,55.68,220832
8-Oct-17,55.5,55.66,55.47,55.65,675
9-Oct-17,55.64,55.98,55.06,55.77,142060
10-Oct-17,55.78,56.91,55.73,56.55,144595
11-Oct-17,56.56,57.09,56.14,56.67,149342
12-Oct-17,56.74,56.83,55.88,56.4,168657
13-Oct-17,56.44,57.57,56.34,57.2,165931
15-Oct-17,57.28,57.9,57.12,57.75,2850
16-Oct-17,57.75,58.47,57.53,57.92,170426
17-Oct-17,57.78,58.35,57.18,58.11,182415
18-Oct-17,58.16,58.54,57.74,58.2,146167
19-Oct-17,58.24,58.3,57.02,57.33,176187
20-Oct-17,57.32,57.94,56.6,57.94,171989
22-Oct-17,57.95,58.05,57.92,57.98,473
23-Oct-17,57.98,58.02,57.27,57.33,135819
24-Oct-17,57.41,58.57,57.04,58.53,155478
25-Oct-17,58.44,58.74,57.85,58.24,137285
26-Oct-17,58.22,59.29,57.84,59.22,93574
27-Oct-17,59.14,60.35,58.58,60.21,170857
29-Oct-17,60.23,60.52,60.17,60.38,2484
30-Oct-17,60.38,60.7,59.91,60.53,143265
31-Oct-17,60.55,61.19,60.25,61.18,167453
1-Nov-17,61.07,61.7,60,60.49,203419
2-Nov-17,60.5,60.86,60.02,60.62,156143
3-Nov-17,60.88,62.23,60.6,62.07,163226
5-Nov-17,62.07,62.44,62.07,62.34,1714
6-Nov-17,62.31,64.44,62.14,64.27,204292
7-Nov-17,64.12,64.65,63.5,63.69,194611
8-Nov-17,63.69,64.64,62.95,63.49,202794
9-Nov-17,63.52,64.25,63.26,63.93,163815
10-Nov-17,63.8,64.27,63.35,63.52,140364
12-Nov-17,63.52,63.77,63.52,63.7,228
13-Nov-17,63.68,63.7,62.61,63.16,149295
14-Nov-17,63.06,63.17,61.21,62.21,218101
15-Nov-17,61.55,62.13,61.3,61.87,139579
16-Nov-17,61.88,62.15,61.25,61.36,141262
17-Nov-17,61.41,62.92,61.08,62.72,163150
19-Nov-17,62.72,62.8,62.52,62.54,480
20-Nov-17,62.54,62.7,61.44,62.22,139737
21-Nov-17,62.1,62.87,62.07,62.57,137199
22-Nov-17,62.78,63.43,62.62,63.32,134864
23-Nov-17,63.24,63.57,62.88,63.55,52332
24-Nov-17,63.35,63.95,63.28,63.86,77461
26-Nov-17,63.47,63.58,63.37,63.41,343
27-Nov-17,63.41,63.52,62.7,63.38,85970
28-Nov-17,63.33,63.44,62.71,63.24,124358
29-Nov-17,63.02,63.59,61.93,62.53,218992
30-Nov-17,62.52,63.41,62.15,62.63,261489
1-Dec-17,62.74,64.32,62.59,63.73,199684
3-Dec-17,63.5,63.68,63.48,63.58,369
4-Dec-17,63.58,63.61,62.31,62.45,140144
5-Dec-17,62.45,63.15,62.12,62.86,131239
6-Dec-17,62.64,62.93,61.13,61.22,177150
7-Dec-17,61.3,62.26,61.15,62.2,124787
8-Dec-17,62.08,63.64,62.01,63.4,172343
10-Dec-17,63.29,63.3,63.13,63.15,433
11-Dec-17,63.16,64.93,62.99,64.69,176083
12-Dec-17,64.66,65.83,63.07,63.34,249573
13-Dec-17,63.8,64.32,62.36,62.44,173048
14-Dec-17,62.81,63.5,62.01,63.31,153499
15-Dec-17,63.39,63.68,63.08,63.23,101689
17-Dec-17,63.36,63.39,63.29,63.32,196
18-Dec-17,63.31,63.91,63,63.41,108489
19-Dec-17,63.41,63.91,63.3,63.8,81627
20-Dec-17,63.83,64.6,63.67,64.56,102982
21-Dec-17,64.49,64.93,64.2,64.9,84077
22-Dec-17,64.63,65.28,64.38,65.25,57332
26-Dec-17,64.74,66.54,64.48,66.46,75186
27-Dec-17,66.19,66.38,65.46,65.99,107957
28-Dec-17,66.01,66.32,65.71,66.16,103478
29-Dec-17,66.15,66.98,66.15,66.87,107269
2-Jan-18,66.55,67.29,66.24,66.57,108458
3-Jan-18,66.54,68.03,66.4,67.84,138501
4-Jan-18,67.89,68.27,67.62,68.07,135444
5-Jan-18,67.97,68.11,67.26,67.62,105464
7-Jan-18,67.8,67.87,67.77,67.79,239
8-Jan-18,67.78,67.99,67.44,67.78,101873
9-Jan-18,68,69.29,67.7,68.82,161832
10-Jan-18,69.12,69.37,68.75,69.2,142954
11-Jan-18,69.15,70.05,69,69.26,171282
12-Jan-18,69.15,69.93,68.59,69.87,157523
14-Jan-18,69.88,69.91,69.67,69.72,264
15-Jan-18,69.73,70.37,69.55,70.26,88489
16-Jan-18,70.05,70.13,68.83,69.15,171742
17-Jan-18,69.35,69.59,68.55,69.38,149880
18-Jan-18,69.53,69.63,68.8,69.31,126901
19-Jan-18,69.01,69.08,68.28,68.61,160192
21-Jan-18,68.8,68.81,68.56,68.74,656
22-Jan-18,68.76,69.51,68.39,69.03,133983
23-Jan-18,69.17,70.24,69.12,69.96,143806
24-Jan-18,69.97,70.94,69.54,70.53,140504
25-Jan-18,70.95,71.28,69.58,69.97,136169
26-Jan-18,69.69,70.44,69.62,70.15,76120
28-Jan-18,70.18,70.18,69.99,70.1,335
29-Jan-18,70.09,70.27,68.75,69.2,130211
30-Jan-18,69.01,69.1,68,68.52,172466